date,Q_target,precip_target,temp_target,Q_05BH005,precip_05BH005,Q_05BB001,precip_05BB001
2006-04-01,61.79999923706055,1.5,1.9,59.09999847412109,3.0,8.5,1.8
2006-04-02,61.09999847412109,0.0,2.7,62.29999923706055,0.3,8.5,1.1
2006-04-03,62.70000076293945,0.0,4.0,61.400001525878906,0.0,8.4399995803833,0.0
2006-04-04,65.0,0.0,4.7,60.0,0.0,8.430000305175781,0.1
2006-04-05,69.19999694824219,4.1,4.1,68.5999984741211,3.8,8.390000343322754,1.0
2006-04-06,67.5999984741211,8.8,3.1,64.5999984741211,9.1,8.5,5.2
2006-04-07,68.0999984741211,2.3,6.2,65.80000305175781,0.8,8.640000343322754,1.7
2006-04-08,69.5,0.3,6.1,66.69999694824219,0.0,9.210000038146973,0.4
2006-04-09,70.9000015258789,2.3,6.4,65.0,2.7,9.619999885559082,0.3
2006-04-10,69.0999984741211,9.8,4.1,64.19999694824219,8.1,9.270000457763672,5.7
2006-04-11,68.80000305175781,6.9,4.0,64.4000015258789,6.5,9.300000190734863,13.4
2006-04-12,67.0,0.9,5.3,65.0,0.7,9.350000381469728,1.3
2006-04-13,67.0999984741211,0.0,6.7,66.5999984741211,0.0,9.329999923706056,1.6
2006-04-14,66.5,0.0,7.4,64.5,0.0,9.289999961853027,0.8
2006-04-15,66.9000015258789,1.4,4.6,63.59999847412109,1.4,9.5,4.6
2006-04-16,67.0999984741211,0.0,3.2,61.79999923706055,0.2,9.5,1.7
2006-04-17,68.30000305175781,0.0,2.6,64.4000015258789,0.0,9.5,0.0
2006-04-18,69.0,0.0,3.3,69.30000305175781,0.0,10.100000381469728,0.0
2006-04-19,68.30000305175781,0.0,4.8,67.69999694824219,0.0,11.699999809265137,0.0
2006-04-20,67.19999694824219,0.0,7.9,64.0999984741211,0.0,13.699999809265137,0.0
2006-04-21,67.5999984741211,0.0,10.9,67.30000305175781,0.3,16.5,0.0
2006-04-22,69.19999694824219,2.6,6.5,65.4000015258789,3.4,14.300000190734863,7.4
2006-04-23,68.5,0.0,2.5,63.20000076293945,0.0,14.5,0.0
2006-04-24,68.5999984741211,0.0,4.6,70.5999984741211,0.0,15.600000381469728,0.0
2006-04-25,68.69999694824219,0.0,6.0,46.79999923706055,0.0,17.100000381469727,0.0
2006-04-26,68.5999984741211,0.0,10.0,96.5999984741211,0.0,19.0,0.0
2006-04-27,68.5999984741211,0.0,10.1,103.0,0.0,18.5,0.0
2006-04-28,68.19999694824219,0.0,10.6,97.0999984741211,0.0,18.899999618530277,0.0
2006-04-29,68.0999984741211,0.0,13.5,50.400001525878906,0.0,23.0,0.0
2006-04-30,68.80000305175781,5.5,8.2,135.0,7.3,23.899999618530277,7.9
2006-05-01,66.4000015258789,0.3,5.3,106.0,0.2,23.899999618530277,2.3
2006-05-02,68.9000015258789,0.5,4.9,107.0,1.3,22.899999618530277,10.8
2006-05-03,69.0999984741211,0.0,4.6,105.0,0.0,20.799999237060547,0.0
2006-05-04,68.69999694824219,0.0,5.9,111.0,0.0,19.700000762939453,0.0
2006-05-05,68.0,0.0,11.3,121.0,0.0,21.100000381469727,0.0
2006-05-06,68.5,0.0,12.5,102.0,0.0,24.399999618530277,0.0
2006-05-07,69.0999984741211,0.0,10.8,108.0,0.4,25.200000762939453,0.1
2006-05-08,69.69999694824219,0.3,8.1,97.6999969482422,0.3,24.200000762939453,0.1
2006-05-09,69.69999694824219,0.8,5.8,118.0,1.2,22.799999237060547,0.1
2006-05-10,70.9000015258789,0.2,7.4,127.0,0.0,22.100000381469727,0.0
2006-05-11,73.0999984741211,0.0,10.1,169.0,0.0,22.100000381469727,0.0
2006-05-12,72.5,0.1,10.8,116.0,0.2,23.799999237060547,1.5
2006-05-13,70.4000015258789,0.2,8.2,92.9000015258789,0.7,24.899999618530277,0.0
2006-05-14,68.9000015258789,0.0,10.4,98.5999984741211,0.0,24.399999618530277,0.0
2006-05-15,70.9000015258789,0.0,14.7,109.0,0.0,27.0,0.0
2006-05-16,74.0999984741211,0.0,17.9,119.0,0.0,38.70000076293945,1.0
2006-05-17,80.4000015258789,0.0,20.2,127.0,0.0,65.4000015258789,0.0
2006-05-18,93.6999969482422,0.0,20.3,86.5,0.0,102.0,0.0
2006-05-19,111.0,0.6,19.7,132.0,1.1,136.0,0.6
2006-05-20,144.0,1.9,17.1,142.0,0.9,145.0,3.2
2006-05-21,157.0,0.0,16.0,141.0,0.2,168.0,1.0
2006-05-22,157.0,0.0,17.5,142.0,0.1,164.0,0.1
2006-05-23,177.0,6.4,16.7,177.0,5.0,160.0,1.0
2006-05-24,201.0,0.0,14.7,209.0,0.6,168.0,1.1
2006-05-25,218.0,0.8,13.8,228.0,1.7,160.0,2.5
2006-05-26,228.0,13.0,7.9,236.0,14.3,143.0,16.4
2006-05-27,224.0,6.2,5.3,238.0,12.3,123.0,10.1
2006-05-28,218.0,3.4,7.5,225.0,2.9,104.0,2.2
2006-05-29,196.0,4.2,8.3,205.0,0.5,90.5999984741211,1.4
2006-05-30,169.0,0.8,11.4,172.0,0.9,83.5999984741211,0.3
2006-05-31,142.0,0.0,13.2,135.0,0.0,78.19999694824219,0.0
2006-06-01,130.0,0.0,16.0,135.0,0.0,82.19999694824219,0.0
2006-06-02,127.0,0.0,19.5,136.0,0.0,98.8000030517578,0.1
2006-06-03,127.0,0.0,18.1,136.0,0.0,114.0,0.4
2006-06-04,127.0,0.0,15.2,138.0,0.0,117.0,0.1
2006-06-05,132.0,0.0,16.4,146.0,0.0,110.0,0.2
2006-06-06,143.0,0.0,14.4,160.0,0.2,107.0,0.6
2006-06-07,161.0,0.0,14.5,179.0,0.1,101.0,0.2
2006-06-08,177.0,21.8,12.6,174.0,13.4,107.0,7.7
2006-06-09,164.0,1.0,10.8,179.0,1.1,116.0,7.8
2006-06-10,159.0,1.0,11.0,177.0,0.6,124.0,1.5
2006-06-11,160.0,6.8,11.2,165.0,4.9,116.0,7.6
2006-06-12,160.0,1.8,10.7,169.0,0.7,107.0,0.4
2006-06-13,161.0,0.4,13.0,171.0,0.3,101.0,1.1
2006-06-14,168.0,17.9,14.4,158.0,10.7,116.0,4.0
2006-06-15,215.0,42.1,13.5,191.0,53.2,138.0,33.6
2006-06-16,244.0,8.9,13.6,266.0,3.9,167.0,8.8
2006-06-17,240.0,2.3,14.4,237.0,0.0,156.0,2.3
2006-06-18,230.0,0.8,12.7,229.0,1.5,132.0,0.0
2006-06-19,215.0,0.7,13.8,221.0,3.6,112.0,7.2
2006-06-20,186.0,5.5,12.7,163.0,2.5,102.0,4.2
2006-06-21,171.0,1.5,13.1,174.0,5.7,95.4000015258789,2.1
2006-06-22,168.0,4.4,13.2,151.0,3.9,87.69999694824219,1.1
2006-06-23,157.0,0.3,13.1,141.0,0.0,82.19999694824219,5.6
2006-06-24,142.0,0.0,14.6,133.0,0.0,77.80000305175781,3.4
2006-06-25,139.0,0.0,16.9,123.0,0.0,77.69999694824219,3.6
2006-06-26,136.0,0.0,19.1,124.0,0.0,82.5999984741211,1.7
2006-06-27,134.0,0.0,19.8,123.0,0.7,90.0,0.0
2006-06-28,132.0,0.0,21.6,122.0,0.0,97.9000015258789,0.4
2006-06-29,131.0,0.0,18.5,121.0,0.0,102.0,0.6
2006-06-30,131.0,6.7,18.1,120.0,7.5,98.1999969482422,2.4
2006-07-01,128.0,4.0,17.7,118.0,9.5,91.3000030517578,0.5
2006-07-02,128.0,0.6,18.0,119.0,0.8,86.5999984741211,5.1
2006-07-03,127.0,1.8,18.5,117.0,2.4,84.0999984741211,1.8
2006-07-04,127.0,0.8,20.0,117.0,0.2,82.4000015258789,0.0
2006-07-05,130.0,0.2,21.3,126.0,0.2,84.9000015258789,0.7
2006-07-06,138.0,1.6,21.1,121.0,1.3,86.30000305175781,0.8
2006-07-07,131.0,0.5,20.0,121.0,0.6,89.9000015258789,1.1
2006-07-08,131.0,0.0,18.9,117.0,0.0,84.69999694824219,0.0
2006-07-09,133.0,1.2,19.8,111.0,3.5,79.5,4.9
2006-07-10,129.0,0.0,17.9,105.0,1.0,88.9000015258789,9.3
2006-10-10,62.5,0.5,6.0,99.6999969482422,0.3,22.0,0.0
2007-05-22,146.0,1.5,7.3,165.0,2.3,72.19999694824219,2.4
2007-05-23,159.0,0.7,7.0,174.0,3.6,65.80000305175781,4.2
2007-05-24,169.0,17.1,3.1,183.0,23.1,63.79999923706055,20.0
2007-05-25,175.0,0.4,4.1,190.0,1.1,58.0,0.8
2007-05-26,174.0,0.0,10.0,191.0,0.0,55.59999847412109,0.0
2007-05-27,174.0,0.2,13.3,189.0,0.0,57.5,0.1
2007-05-28,173.0,8.9,11.6,190.0,2.7,63.5,1.8
2007-05-29,172.0,0.1,10.7,190.0,0.1,66.5999984741211,0.0
2007-05-30,172.0,0.0,12.2,190.0,0.0,78.4000015258789,0.0
2007-05-31,171.0,0.0,14.1,190.0,0.0,99.1999969482422,0.0
2007-06-01,170.0,0.0,16.1,187.0,0.0,126.0,0.0
2007-06-02,178.0,0.0,18.2,202.0,0.0,155.0,0.0
2007-06-03,191.0,0.1,19.0,214.0,0.3,184.0,1.1
2007-06-04,209.0,4.5,17.4,239.0,5.7,210.0,2.2
2007-06-05,264.0,0.0,18.4,294.0,0.1,242.0,5.8
2007-06-06,304.0,16.6,12.4,324.0,23.5,275.0,27.7
2007-06-07,317.0,0.1,11.2,354.0,0.9,298.0,4.4
2007-06-08,330.0,0.9,13.6,361.0,2.1,257.0,0.0
2007-06-09,331.0,0.1,13.4,360.0,1.2,220.0,2.5
2007-06-10,330.0,0.0,14.9,355.0,1.1,193.0,2.2
2007-06-11,319.0,2.1,14.4,344.0,3.6,184.0,1.4
2007-06-12,298.0,0.3,11.7,320.0,1.4,169.0,1.2
2007-06-13,277.0,0.0,11.8,293.0,0.0,143.0,0.9
2007-06-14,255.0,5.3,10.8,265.0,8.2,124.0,10.4
2007-06-15,235.0,3.7,9.9,256.0,6.3,110.0,4.6
2007-06-16,285.0,4.2,11.5,308.0,7.6,108.0,6.6
2007-06-17,308.0,44.9,9.6,334.0,40.5,119.0,20.8
2007-06-18,298.0,1.8,10.4,315.0,1.4,125.0,1.0
2007-06-19,254.0,0.5,13.1,268.0,0.7,125.0,0.3
2007-06-20,241.0,0.4,15.5,260.0,0.0,126.0,0.0
2007-06-21,249.0,0.1,18.2,261.0,0.0,144.0,0.2
2007-06-22,256.0,0.0,18.6,282.0,0.0,158.0,0.0
2007-06-23,263.0,5.3,16.3,282.0,7.1,158.0,0.6
2007-06-24,264.0,6.1,12.2,276.0,5.8,148.0,1.7
2007-06-25,260.0,5.4,10.7,275.0,4.9,134.0,6.5
2007-06-26,244.0,0.0,12.1,259.0,0.3,116.0,1.6
2007-06-27,217.0,0.0,13.9,232.0,0.0,108.0,0.1
2007-06-28,197.0,0.0,16.0,219.0,0.0,110.0,5.5
2007-06-29,192.0,0.1,17.2,209.0,0.5,123.0,1.3
2007-06-30,194.0,2.8,16.1,210.0,0.2,148.0,3.8
2007-07-01,201.0,0.0,15.1,216.0,0.0,141.0,0.0
2007-07-02,200.0,0.0,18.1,225.0,0.0,127.0,0.0
2007-07-03,202.0,0.0,19.0,223.0,0.2,119.0,0.0
2007-07-04,196.0,0.0,19.0,215.0,0.2,121.0,0.0
2007-07-05,191.0,0.0,21.1,210.0,0.0,131.0,0.0
2007-07-06,196.0,0.0,20.8,209.0,0.0,149.0,0.2
2007-07-07,202.0,1.1,17.8,220.0,2.2,162.0,6.5
2007-07-08,203.0,1.7,16.3,222.0,0.2,150.0,0.7
2007-07-09,204.0,3.2,15.3,218.0,5.2,130.0,3.5
2007-07-10,193.0,0.0,15.1,204.0,0.0,120.0,0.0
2007-07-11,179.0,0.0,18.6,201.0,0.0,113.0,0.0
2007-07-12,177.0,0.0,20.7,187.0,0.0,114.0,0.1
2007-07-13,177.0,0.0,22.4,188.0,0.0,120.0,1.7
2007-07-14,176.0,0.0,24.3,191.0,0.0,125.0,0.0
2007-07-15,177.0,0.4,23.7,192.0,1.6,127.0,1.5
2007-07-16,177.0,0.6,22.1,195.0,0.1,126.0,0.2
2007-07-17,178.0,0.4,22.0,196.0,1.3,121.0,3.4
2007-07-18,178.0,0.2,21.5,194.0,0.4,119.0,2.2
2007-07-19,178.0,0.0,23.2,192.0,0.1,129.0,25.4
2007-07-20,180.0,0.0,20.8,198.0,0.0,132.0,0.0
2007-07-21,185.0,0.0,21.5,198.0,0.0,119.0,0.0
2007-07-22,178.0,0.0,22.8,195.0,0.0,108.0,0.1
2007-07-23,170.0,0.0,24.0,187.0,1.2,102.0,0.0
2007-07-24,145.0,3.8,21.7,168.0,4.5,107.0,2.3
2007-07-25,152.0,6.4,17.4,167.0,6.0,105.0,1.2
2007-07-26,152.0,0.0,18.1,167.0,2.9,93.4000015258789,0.0
2007-07-27,147.0,0.0,22.3,169.0,0.0,85.5999984741211,0.1
2007-07-28,127.0,0.0,23.4,142.0,0.0,81.69999694824219,0.0
2007-07-29,125.0,0.0,23.6,140.0,0.0,80.0,0.0
2007-07-30,126.0,0.0,22.0,142.0,1.0,78.19999694824219,0.5
2007-07-31,127.0,10.0,16.2,145.0,5.4,74.80000305175781,3.8
2007-08-01,126.0,0.0,15.6,150.0,0.0,67.80000305175781,0.4
2007-08-02,126.0,0.0,18.6,139.0,0.0,63.09999847412109,0.0
2007-08-03,116.0,1.0,21.5,129.0,1.3,61.0,0.0
2007-08-04,113.0,0.3,17.6,121.0,0.3,59.79999923706055,0.1
2007-08-05,107.0,0.0,16.4,119.0,0.0,57.20000076293945,6.2
2007-08-06,106.0,0.2,17.2,120.0,1.7,55.59999847412109,2.2
2007-08-07,102.0,0.9,19.5,119.0,1.5,54.29999923706055,0.5
2007-08-08,101.0,10.7,15.8,113.0,14.3,56.79999923706055,12.0
2007-08-09,101.0,11.8,12.0,111.0,9.7,58.900001525878906,15.2
2007-08-10,103.0,2.9,10.7,116.0,6.1,65.30000305175781,18.4
2007-08-11,104.0,0.0,10.1,127.0,0.5,65.4000015258789,1.8
2007-08-12,104.0,0.0,14.3,175.0,0.2,56.29999923706055,0.0
2007-08-13,105.0,0.0,12.8,122.0,0.4,50.70000076293945,4.4
2007-08-14,103.0,0.0,13.8,115.0,0.0,47.59999847412109,1.4
2007-08-15,99.5999984741211,0.0,15.1,115.0,0.2,45.09999847412109,0.0
2007-08-16,99.1999969482422,0.0,15.8,112.0,0.0,43.70000076293945,0.1
2007-08-17,94.8000030517578,0.0,17.4,112.0,0.0,44.29999923706055,0.9
2007-08-18,95.0,0.0,17.0,108.0,2.1,45.59999847412109,2.2
2007-08-19,90.9000015258789,5.2,15.1,111.0,5.5,47.09999847412109,1.5
2007-08-20,91.0999984741211,0.6,15.1,108.0,0.9,47.20000076293945,0.2
2007-08-21,90.5999984741211,0.8,14.6,100.0,0.2,44.400001525878906,0.6
2007-08-22,90.3000030517578,0.0,13.2,103.0,0.0,41.09999847412109,0.4
2007-08-23,92.0,5.7,12.2,94.8000030517578,6.1,38.59999847412109,7.5
2007-08-24,90.8000030517578,0.3,11.6,98.3000030517578,0.1,37.0,0.4
2007-08-25,90.4000015258789,0.0,14.8,95.9000015258789,0.0,35.900001525878906,0.0
2007-08-26,88.0999984741211,25.7,11.2,93.6999969482422,27.8,36.900001525878906,15.0
2007-08-27,83.5,1.1,8.1,89.9000015258789,2.6,39.09999847412109,7.9
2007-08-28,83.0,0.0,8.5,90.5,0.0,37.20000076293945,2.4
2007-08-29,84.30000305175781,0.0,13.0,90.0999984741211,0.0,34.70000076293945,0.0
2007-08-30,82.19999694824219,0.0,16.0,90.5,0.0,33.29999923706055,0.0
2007-08-31,78.5,0.0,17.5,82.80000305175781,0.0,34.29999923706055,0.2
2007-09-01,74.80000305175781,0.0,14.9,78.30000305175781,0.7,42.400001525878906,5.3
2007-09-02,72.5,0.0,14.5,78.0999984741211,0.0,44.09999847412109,0.0
2007-09-03,72.0,0.0,15.6,78.69999694824219,0.0,43.09999847412109,0.0
2007-09-04,78.5999984741211,0.0,16.0,90.9000015258789,0.0,43.70000076293945,0.4
2007-09-05,86.80000305175781,0.1,15.6,96.5,0.0,41.79999923706055,0.0
2007-09-06,91.0999984741211,6.1,12.1,93.8000030517578,2.4,40.70000076293945,1.0
2007-09-07,87.0999984741211,4.1,8.6,92.0999984741211,4.2,38.20000076293945,3.2
2007-09-08,82.0999984741211,0.0,7.8,87.19999694824219,0.9,35.900001525878906,3.4
2007-09-09,76.19999694824219,0.9,8.5,80.69999694824219,1.5,33.5,7.1
2007-09-10,73.9000015258789,0.0,12.6,79.19999694824219,0.0,31.700000762939453,0.0
2007-09-11,72.19999694824219,0.0,14.8,77.19999694824219,0.0,31.200000762939453,0.0
2007-09-12,82.80000305175781,15.4,10.7,86.69999694824219,14.6,34.900001525878906,14.6
2007-09-13,82.0999984741211,0.0,6.8,91.6999969482422,0.0,36.09999847412109,0.0
2007-09-14,81.0,0.0,10.1,87.80000305175781,0.0,33.29999923706055,0.0
2007-09-15,81.0,0.0,12.1,72.30000305175781,0.0,31.899999618530277,0.0
2007-09-16,69.5999984741211,0.0,13.7,72.4000015258789,0.0,31.0,0.0
2007-09-17,57.29999923706055,5.1,11.4,81.0999984741211,3.2,30.200000762939453,4.4
2007-09-18,71.19999694824219,2.8,6.9,84.5999984741211,3.3,29.200000762939453,5.8
2007-09-19,87.4000015258789,4.6,4.7,90.5,6.9,28.299999237060547,7.3
2007-09-20,84.0,2.6,5.4,87.30000305175781,3.9,27.200000762939453,2.7
2007-09-21,76.5,0.0,6.5,79.4000015258789,0.5,26.399999618530277,1.3
2007-09-22,65.5999984741211,0.0,8.7,64.30000305175781,1.6,26.299999237060547,3.7
2007-09-23,61.09999847412109,3.3,5.6,63.79999923706055,5.1,26.600000381469727,8.8
2007-09-24,59.900001525878906,0.0,5.0,70.5,0.0,26.100000381469727,0.0
2007-09-25,65.80000305175781,2.4,8.2,72.69999694824219,1.5,25.100000381469727,0.5
2007-09-26,74.5999984741211,1.5,8.2,83.0,1.0,24.600000381469727,0.0
2007-09-27,79.0999984741211,0.0,8.0,89.0,0.0,24.0,0.0
2007-09-28,77.0999984741211,0.0,9.9,80.30000305175781,0.0,23.899999618530277,4.7
2007-09-29,71.30000305175781,4.3,4.8,65.5999984741211,5.8,26.600000381469727,11.2
2007-09-30,65.69999694824219,0.0,5.5,66.0999984741211,0.0,25.600000381469727,0.0
2007-10-01,65.4000015258789,0.0,7.7,72.30000305175781,0.7,24.600000381469727,0.0
2007-10-02,66.69999694824219,0.3,7.9,71.80000305175781,0.3,24.200000762939453,2.7
2007-10-03,68.0,0.0,5.1,71.80000305175781,0.0,24.600000381469727,1.6
2007-10-04,68.0999984741211,1.0,1.9,71.80000305175781,3.3,23.899999618530277,2.4
2007-10-05,65.5,3.8,2.0,71.80000305175781,3.9,23.299999237060547,2.7
2007-10-06,63.0,0.4,4.1,62.20000076293945,0.0,22.799999237060547,0.0
2007-10-07,60.400001525878906,0.0,5.8,62.79999923706055,0.0,22.299999237060547,0.0
2007-10-08,62.70000076293945,0.4,7.6,68.19999694824219,0.1,22.100000381469727,1.6
2007-10-09,66.19999694824219,0.0,6.8,71.69999694824219,0.0,22.0,0.0
2007-10-10,69.0,0.0,7.4,72.30000305175781,0.0,21.899999618530277,0.0
2007-10-11,68.19999694824219,0.0,8.5,64.0999984741211,0.0,22.299999237060547,0.0
2007-10-12,65.69999694824219,0.0,5.9,61.79999923706055,0.0,22.100000381469727,0.0
2007-10-13,64.4000015258789,0.0,6.0,57.79999923706055,0.0,21.600000381469727,0.0
2007-10-14,64.30000305175781,0.0,6.5,57.20000076293945,0.0,21.200000762939453,0.0
2007-10-15,62.900001525878906,0.0,8.4,53.20000076293945,0.0,20.899999618530277,0.0
2007-10-16,64.0,0.0,8.1,52.400001525878906,0.0,20.700000762939453,0.0
2007-10-17,62.0,0.0,7.1,53.5,0.0,20.600000381469727,0.0
2007-10-18,60.0,0.0,4.8,54.79999923706055,0.0,20.200000762939453,0.0
2007-10-19,65.9000015258789,1.0,4.4,59.70000076293945,1.4,20.0,2.1
2007-10-20,58.5,0.6,2.8,42.900001525878906,0.2,20.100000381469727,0.2
2007-10-21,52.20000076293945,0.0,2.0,47.0,0.0,19.700000762939453,0.0
2007-10-22,51.79999923706055,0.0,5.4,47.0,0.0,19.399999618530277,0.0
2007-10-23,53.79999923706055,0.0,9.7,46.79999923706055,0.0,19.5,0.0
2007-10-24,64.19999694824219,0.0,12.0,57.29999923706055,0.0,20.299999237060547,0.3
2007-10-25,71.80000305175781,3.2,4.9,68.5,2.6,23.399999618530277,7.6
2007-10-26,70.30000305175781,0.0,1.0,63.70000076293945,0.0,21.600000381469727,0.0
2007-10-27,68.5999984741211,0.0,1.2,61.20000076293945,0.0,18.899999618530277,0.0
2007-10-28,67.69999694824219,0.0,4.7,59.09999847412109,0.0,18.600000381469727,0.0
2007-10-29,62.900001525878906,0.0,6.3,52.59999847412109,0.0,18.600000381469727,0.0
2007-10-30,55.20000076293945,1.0,3.4,45.09999847412109,1.5,18.5,0.7
2007-10-31,59.20000076293945,0.0,1.5,49.5,0.0,18.100000381469727,0.0
2008-03-01,66.69999694824219,0.1,1.1,60.79999923706055,0.0,7.880000114440918,1.4
2008-03-02,64.5,0.0,-2.2,62.09999847412109,0.0,7.710000038146973,0.0
2008-03-03,62.5,0.0,-0.9,62.70000076293945,0.0,7.519999980926514,0.0
2008-03-04,61.0,2.9,-1.0,61.400001525878906,3.0,7.730000019073486,2.9
2008-03-05,62.5,0.0,-2.6,65.19999694824219,0.0,7.320000171661377,0.0
2008-03-06,65.30000305175781,0.0,-0.3,63.70000076293945,0.0,7.519999980926514,0.0
2008-03-07,63.79999923706055,0.0,1.4,60.29999923706055,0.0,7.78000020980835,0.0
2008-03-08,59.59999847412109,0.0,2.9,55.900001525878906,0.0,7.570000171661377,0.0
2008-03-09,52.59999847412109,0.0,2.9,46.900001525878906,0.0,7.380000114440918,0.0
2008-03-10,49.70000076293945,0.0,4.1,49.79999923706055,0.0,7.449999809265137,0.0
2008-03-11,46.900001525878906,0.7,6.2,49.29999923706055,0.4,7.440000057220459,0.1
2008-03-12,46.900001525878906,0.0,4.1,50.20000076293945,0.0,7.400000095367432,0.0
2008-03-13,49.70000076293945,0.0,0.2,54.400001525878906,0.0,7.190000057220459,0.0
2008-03-14,48.29999923706055,0.0,-0.8,52.0,0.0,7.090000152587891,0.0
2008-03-15,48.29999923706055,2.4,-1.0,51.59999847412109,3.0,7.269999980926514,1.8
2008-03-16,48.400001525878906,2.6,-3.2,50.79999923706055,2.5,7.320000171661377,2.7
2008-03-17,49.59999847412109,0.0,-0.4,50.29999923706055,0.0,7.320000171661377,0.0
2008-03-18,49.79999923706055,0.0,0.9,49.5,0.2,7.269999980926514,0.0
2008-03-19,48.29999923706055,0.0,0.7,49.59999847412109,0.2,7.239999771118164,0.0
2008-03-20,48.29999923706055,0.0,1.3,49.59999847412109,0.1,7.340000152587891,0.0
2008-03-21,48.29999923706055,0.0,1.1,49.29999923706055,0.0,7.519999980926514,0.0
2008-03-22,48.29999923706055,0.0,0.8,49.20000076293945,0.0,7.460000038146973,0.0
2008-03-23,48.29999923706055,0.0,1.1,46.59999847412109,0.0,7.28000020980835,0.1
2008-03-24,48.400001525878906,0.0,1.7,47.400001525878906,0.1,7.420000076293945,2.2
2008-03-25,48.400001525878906,0.1,-0.1,49.20000076293945,0.0,7.070000171661377,0.0
2008-03-26,48.29999923706055,0.0,-0.6,49.0,0.0,7.099999904632568,0.0
2008-03-27,48.09999847412109,0.5,-0.1,48.900001525878906,0.7,7.099999904632568,0.0
2008-03-28,48.29999923706055,0.0,-0.8,46.59999847412109,0.3,7.170000076293945,0.3
2008-03-29,48.29999923706055,0.1,-2.3,43.900001525878906,0.5,7.300000190734863,3.5
2008-03-30,48.29999923706055,1.1,-4.5,43.79999923706055,0.7,7.150000095367432,1.8
2008-03-31,48.400001525878906,0.0,-6.0,44.09999847412109,0.0,7.0,0.1
2008-04-01,49.900001525878906,0.0,-3.0,46.5,0.0,7.099999904632568,0.2
2008-04-02,49.79999923706055,0.0,-0.7,37.5,0.0,7.400000095367432,0.0
2008-04-03,48.0,0.0,2.4,36.70000076293945,0.0,7.510000228881836,0.0
2008-04-04,46.79999923706055,0.0,2.9,52.09999847412109,1.0,7.630000114440918,0.9
2008-04-05,51.0,3.2,2.0,57.0,3.0,7.690000057220459,4.2
2008-04-06,51.0,0.4,1.5,48.59999847412109,1.7,7.710000038146973,0.1
2008-04-07,52.70000076293945,0.8,2.6,49.20000076293945,0.9,7.760000228881836,0.8
2008-04-08,53.29999923706055,0.5,2.3,49.09999847412109,0.4,7.769999980926514,0.1
2008-04-09,55.20000076293945,0.4,2.5,48.5,0.6,7.829999923706055,0.3
2008-04-10,55.400001525878906,1.3,1.9,48.20000076293945,0.9,7.880000114440918,0.1
2008-04-11,58.20000076293945,0.0,1.6,50.70000076293945,1.4,7.860000133514404,0.1
2008-04-12,55.400001525878906,0.0,5.8,50.5,0.0,8.09000015258789,0.0
2008-04-13,54.70000076293945,0.0,9.8,50.09999847412109,0.0,8.609999656677246,0.0
2008-04-14,56.79999923706055,0.0,6.5,51.400001525878906,1.6,9.399999618530272,10.7
2008-04-15,59.70000076293945,1.5,2.9,53.20000076293945,3.7,9.199999809265137,2.0
2008-04-16,59.70000076293945,0.3,2.5,52.0,1.2,8.989999771118164,1.1
2008-04-17,59.59999847412109,0.0,6.3,50.70000076293945,0.0,8.859999656677246,0.0
2008-04-18,59.59999847412109,4.7,1.9,51.09999847412109,6.2,9.130000114440918,9.2
2008-04-19,60.29999923706055,10.3,-7.2,50.20000076293945,9.2,8.630000114440918,9.4
2008-04-20,59.0,1.9,-10.0,50.400001525878906,1.2,8.3100004196167,0.0
2008-04-21,57.5,0.8,-8.7,50.900001525878906,1.0,8.300000190734863,0.6
2008-04-22,56.09999847412109,0.9,-7.2,46.79999923706055,0.1,8.34000015258789,0.2
2008-04-23,56.09999847412109,0.4,-5.7,49.400001525878906,0.3,8.470000267028809,0.3
2008-04-24,56.09999847412109,0.7,-4.5,47.5,0.5,8.520000457763672,1.4
2008-04-25,56.09999847412109,1.5,-2.1,39.09999847412109,2.7,8.489999771118164,5.3
2008-04-26,55.5,0.2,-0.8,36.79999923706055,0.5,8.329999923706055,0.0
2008-04-27,55.5,0.0,4.6,36.29999923706055,0.0,8.449999809265137,0.0
2008-04-28,58.20000076293945,0.0,9.6,42.29999923706055,0.3,8.699999809265137,0.0
2008-04-29,61.0,0.0,9.7,44.29999923706055,0.0,9.239999771118164,0.1
2008-04-30,61.09999847412109,0.1,7.1,47.79999923706055,0.3,9.529999732971191,1.0
2008-05-01,63.20000076293945,4.6,4.8,46.29999923706055,7.3,9.369999885559082,2.0
2008-05-02,63.70000076293945,0.1,6.5,44.09999847412109,0.1,9.210000038146973,0.0
2008-05-03,63.29999923706055,0.0,7.5,49.5,0.0,9.479999542236328,0.0
2008-05-04,61.09999847412109,0.0,9.2,54.400001525878906,0.0,10.100000381469728,0.0
2008-05-05,61.29999923706055,0.1,10.8,59.70000076293945,0.0,11.100000381469728,1.1
2008-05-06,60.900001525878906,4.1,8.5,55.79999923706055,3.5,11.899999618530272,6.4
2008-05-07,61.70000076293945,1.7,6.9,65.9000015258789,4.1,12.600000381469728,0.9
2008-05-08,65.5,16.7,5.4,66.0999984741211,23.4,13.699999809265137,18.5
2008-05-09,64.80000305175781,9.8,2.9,65.19999694824219,10.5,13.199999809265137,14.0
2008-05-10,63.79999923706055,0.0,5.7,62.29999923706055,0.1,12.600000381469728,0.5
2008-05-11,64.0,1.2,7.1,73.9000015258789,2.7,12.600000381469728,7.4
2008-05-12,62.59999847412109,0.3,7.2,87.80000305175781,0.3,13.0,4.5
2008-05-13,67.69999694824219,0.1,8.1,83.5999984741211,0.0,13.5,1.6
2008-05-14,72.80000305175781,0.1,11.5,85.5999984741211,0.0,14.0,0.2
2008-05-15,73.5,0.0,15.5,85.5999984741211,0.0,15.300000190734863,0.0
2008-05-16,72.4000015258789,0.0,16.6,92.5,0.0,23.600000381469727,0.0
2008-05-17,84.0,0.0,17.8,102.0,0.0,34.599998474121094,0.0
2008-05-18,89.9000015258789,0.0,17.5,103.0,0.7,50.59999847412109,0.1
2008-05-19,101.0,0.0,14.3,116.0,0.3,75.30000305175781,0.0
2008-05-20,111.0,2.8,15.5,92.8000030517578,1.4,75.30000305175781,0.9
2008-05-21,125.0,15.5,9.2,95.6999969482422,13.0,99.3000030517578,13.0
2008-05-22,146.0,13.4,6.5,115.0,10.4,97.3000030517578,6.6
2008-05-23,179.0,7.9,7.0,161.0,8.1,82.19999694824219,9.9
2008-05-24,202.0,14.9,8.8,222.0,17.0,73.69999694824219,17.2
2008-05-25,247.0,6.2,8.6,239.0,10.3,80.19999694824219,16.5
2008-05-26,263.0,3.0,6.4,296.0,4.9,85.0999984741211,3.6
2008-05-27,267.0,0.2,8.2,298.0,0.0,76.4000015258789,0.0
2008-05-28,253.0,0.0,9.5,263.0,0.0,76.80000305175781,0.0
2008-05-29,238.0,0.0,12.2,258.0,0.0,83.5,0.2
2008-05-30,241.0,4.0,13.3,266.0,3.7,93.0999984741211,0.0
2008-05-31,240.0,1.0,12.8,261.0,0.1,98.0,0.5
2008-06-01,239.0,0.7,13.7,258.0,3.5,108.0,2.2
2008-06-02,239.0,15.7,12.4,256.0,14.8,119.0,6.9
2008-06-03,239.0,6.1,10.3,259.0,8.0,132.0,7.5
2008-06-04,238.0,0.0,10.9,261.0,1.5,134.0,5.3
2008-06-05,238.0,0.0,12.8,260.0,0.6,137.0,3.9
2008-06-06,237.0,8.2,11.3,257.0,12.0,138.0,8.8
2008-06-07,243.0,15.0,7.9,258.0,18.5,123.0,13.8
2008-06-08,240.0,3.4,9.4,263.0,3.8,107.0,7.3
2008-06-09,240.0,1.4,8.6,261.0,0.8,96.5,7.1
2008-06-10,252.0,14.6,8.0,269.0,20.9,89.0999984741211,17.9
2008-06-11,287.0,18.0,8.2,328.0,27.5,84.5,18.4
2008-06-12,284.0,0.4,9.8,312.0,2.8,77.4000015258789,2.4
2008-06-13,258.0,0.4,12.8,272.0,1.1,77.9000015258789,1.7
2008-06-14,253.0,6.2,10.1,267.0,8.0,88.5999984741211,3.6
2008-06-15,250.0,0.2,10.3,263.0,2.3,82.4000015258789,0.7
2008-06-16,233.0,0.0,12.8,245.0,0.1,80.0999984741211,0.8
2008-06-17,217.0,0.1,15.5,232.0,0.2,85.0,2.2
2008-06-18,217.0,0.3,14.0,229.0,0.5,89.9000015258789,0.6
2008-06-19,206.0,0.0,13.6,214.0,0.4,87.9000015258789,0.0
2008-06-20,190.0,0.8,14.0,207.0,0.0,85.69999694824219,0.0
2008-06-21,184.0,0.0,16.5,200.0,0.6,90.0,0.0
2008-06-22,186.0,1.8,17.2,189.0,0.3,120.0,6.8
2008-06-23,183.0,0.9,15.4,189.0,0.0,136.0,0.3
2008-06-24,196.0,3.8,14.9,207.0,4.9,127.0,4.5
2008-06-25,202.0,1.9,13.6,210.0,1.6,124.0,2.2
2008-06-26,208.0,0.0,15.3,210.0,0.1,117.0,0.0
2008-06-27,198.0,0.3,12.5,210.0,0.3,104.0,0.0
2008-06-28,178.0,0.0,16.6,183.0,0.0,104.0,0.0
2008-06-29,177.0,0.0,20.7,181.0,0.0,118.0,0.0
2008-06-30,202.0,1.9,22.3,216.0,1.6,145.0,2.0
2008-07-01,233.0,9.1,18.8,253.0,14.6,163.0,12.9
2008-07-02,260.0,1.3,16.7,293.0,0.3,160.0,9.4
2008-07-03,257.0,0.0,18.3,284.0,0.2,151.0,0.4
2008-07-04,258.0,0.0,20.5,282.0,2.9,149.0,1.3
2008-07-05,257.0,0.6,18.7,277.0,0.0,153.0,3.1
2008-07-06,243.0,2.3,17.9,259.0,2.6,139.0,1.6
2008-07-07,210.0,0.3,15.4,219.0,3.4,126.0,0.8
2008-07-08,195.0,3.3,15.4,202.0,2.6,108.0,2.3
2008-07-09,193.0,0.0,17.3,204.0,1.0,94.0999984741211,0.3
2008-07-10,186.0,11.1,13.6,191.0,7.9,95.0,6.6
2008-07-11,177.0,7.1,10.3,178.0,10.8,100.0,11.0
2008-07-12,175.0,0.0,14.7,178.0,0.0,86.30000305175781,0.0
2008-07-13,165.0,0.5,17.2,169.0,1.8,77.30000305175781,0.5
2008-07-14,150.0,4.7,15.0,163.0,6.9,76.19999694824219,4.4
2008-07-15,149.0,6.0,13.8,151.0,4.4,76.5,2.4
2008-07-16,154.0,3.8,13.1,159.0,4.0,73.80000305175781,0.6
2008-07-17,153.0,2.0,14.2,159.0,0.0,69.0,1.0
2008-07-18,151.0,2.5,14.9,152.0,2.2,68.30000305175781,3.4
2008-07-19,137.0,2.0,13.7,142.0,1.6,66.5,1.1
2008-07-20,133.0,0.0,17.0,139.0,0.0,63.29999923706055,0.0
2008-07-21,133.0,0.0,20.0,138.0,0.0,63.79999923706055,0.0
2008-07-22,131.0,0.0,19.3,142.0,0.0,68.9000015258789,1.8
2008-07-23,134.0,5.5,15.4,143.0,4.4,77.0999984741211,16.8
2008-07-24,139.0,8.9,14.7,158.0,9.3,84.69999694824219,12.7
2008-07-25,152.0,0.0,16.8,166.0,0.0,76.80000305175781,0.0
2008-07-26,161.0,0.0,18.3,170.0,1.3,71.0999984741211,0.7
2008-07-27,159.0,2.3,18.3,158.0,1.5,72.69999694824219,3.8
2008-07-28,139.0,0.3,16.0,148.0,0.9,74.5999984741211,0.4
2008-07-29,139.0,0.0,17.7,148.0,0.0,69.5,0.0
2008-07-30,139.0,0.2,17.7,151.0,0.3,66.0999984741211,1.5
2008-07-31,139.0,0.3,14.7,146.0,0.1,62.09999847412109,0.3
2008-08-01,134.0,0.5,17.8,139.0,0.3,57.09999847412109,1.7
2008-08-02,129.0,0.4,14.8,130.0,0.0,57.79999923706055,0.8
2008-08-03,121.0,0.6,13.9,128.0,2.3,52.20000076293945,7.5
2008-08-04,115.0,2.3,14.8,120.0,0.4,48.59999847412109,2.0
2008-08-05,113.0,0.0,16.4,122.0,0.0,46.29999923706055,0.2
2008-08-06,107.0,0.0,17.5,118.0,0.0,45.59999847412109,0.0
2008-08-07,106.0,0.0,20.4,113.0,0.0,46.400001525878906,1.6
2008-08-08,106.0,0.0,21.3,111.0,0.0,48.79999923706055,0.9
2008-08-09,102.0,0.1,21.8,112.0,0.0,54.29999923706055,0.2
2008-08-10,96.5999984741211,1.6,17.1,100.0,2.4,67.69999694824219,0.2
2008-08-11,104.0,0.0,15.2,107.0,0.0,62.59999847412109,0.2
2008-08-12,105.0,0.4,14.5,108.0,1.3,53.900001525878906,0.1
2008-08-13,106.0,0.1,16.5,111.0,0.3,49.09999847412109,0.2
2008-08-14,104.0,0.0,18.5,112.0,0.0,46.5,0.0
2008-08-15,108.0,0.0,20.2,110.0,0.0,46.79999923706055,0.0
2008-08-16,109.0,0.0,21.1,110.0,0.2,49.900001525878906,0.0
2008-08-17,104.0,0.0,22.2,106.0,0.0,52.79999923706055,0.2
2008-08-18,106.0,0.5,23.4,110.0,0.1,56.20000076293945,0.9
2008-08-19,106.0,0.0,22.8,109.0,0.0,59.20000076293945,0.0
2008-08-20,109.0,1.3,18.1,115.0,1.0,64.0,2.3
2008-08-21,108.0,4.6,13.3,124.0,10.0,60.70000076293945,7.8
2008-08-22,113.0,9.4,11.0,128.0,10.0,62.29999923706055,5.1
2008-08-23,115.0,0.0,14.5,132.0,0.0,54.29999923706055,0.0
2008-08-24,111.0,0.0,17.5,117.0,0.0,49.0,0.0
2008-08-25,103.0,0.0,19.1,97.0999984741211,0.0,48.09999847412109,0.0
2008-08-26,99.0,3.3,12.8,102.0,4.0,50.0,6.9
2008-08-27,102.0,1.4,12.4,111.0,0.6,45.09999847412109,0.6
2008-08-28,102.0,0.0,12.4,109.0,0.0,41.29999923706055,0.8
2008-08-29,102.0,0.0,14.8,107.0,0.0,40.20000076293945,0.8
2008-08-30,98.0,1.1,13.1,101.0,7.7,58.59999847412109,1.8
2008-08-31,112.0,13.4,7.5,110.0,20.2,57.900001525878906,19.0
2008-09-01,127.0,0.4,7.3,130.0,0.5,51.29999923706055,0.3
2008-09-02,107.0,0.3,8.5,106.0,0.2,45.70000076293945,0.5
2008-09-03,98.3000030517578,0.5,10.4,105.0,4.1,41.79999923706055,3.7
2008-09-04,97.1999969482422,0.0,8.5,105.0,0.2,39.29999923706055,2.2
2008-09-05,91.1999969482422,0.0,9.3,89.69999694824219,1.0,36.900001525878906,1.7
2008-09-06,90.3000030517578,2.6,8.8,91.4000015258789,1.7,35.900001525878906,3.8
2008-09-07,88.5999984741211,1.2,8.6,89.30000305175781,1.1,34.599998474121094,5.1
2008-09-08,93.1999969482422,0.0,9.3,90.9000015258789,0.3,33.5,2.5
2008-09-09,95.0999984741211,1.6,10.0,91.3000030517578,3.6,32.599998474121094,4.7
2008-09-10,92.1999969482422,0.6,8.9,91.3000030517578,0.3,34.0,2.6
2008-09-11,91.0999984741211,0.0,12.1,86.5,0.0,32.29999923706055,0.0
2008-09-12,92.4000015258789,4.0,11.9,87.0,10.8,31.799999237060547,10.5
2008-09-13,87.69999694824219,5.9,7.9,87.9000015258789,2.7,35.099998474121094,5.3
2008-09-14,87.80000305175781,0.0,10.8,89.80000305175781,0.0,34.0,0.0
2008-09-15,87.5999984741211,0.0,13.4,88.19999694824219,0.0,32.5,0.0
2008-09-16,89.0999984741211,0.0,14.1,92.4000015258789,0.0,31.5,0.0
2008-09-17,97.0999984741211,0.0,15.0,89.69999694824219,0.0,30.799999237060547,0.0
2008-09-18,100.0,0.0,16.7,90.0999984741211,0.0,30.299999237060547,0.0
2008-09-19,96.5999984741211,0.0,14.6,91.5,0.0,29.899999618530277,0.0
2008-09-20,86.5,0.0,13.4,73.4000015258789,0.0,29.700000762939453,0.0
2008-09-21,81.9000015258789,0.2,13.0,72.69999694824219,2.1,30.0,7.7
2008-09-22,83.5,11.2,9.9,74.5999984741211,19.0,35.20000076293945,20.9
2008-09-23,92.3000030517578,19.7,7.2,81.69999694824219,10.1,35.099998474121094,3.6
2008-09-24,93.0,0.0,5.6,86.5999984741211,0.0,32.900001525878906,0.0
2008-09-25,93.5,0.6,8.4,86.80000305175781,1.8,31.5,2.0
2008-09-26,95.8000030517578,2.0,8.4,90.0999984741211,2.5,31.100000381469727,6.1
2008-09-27,90.9000015258789,0.0,10.0,78.4000015258789,0.0,30.0,0.0
2008-09-28,86.19999694824219,0.0,8.7,75.80000305175781,0.0,28.899999618530277,0.0
2008-09-29,81.4000015258789,0.0,11.1,74.30000305175781,0.0,27.899999618530277,0.0
2008-09-30,83.69999694824219,0.0,12.5,76.0,0.0,27.100000381469727,0.0
2008-10-01,88.0,0.0,13.4,84.4000015258789,0.0,26.5,0.0
2008-10-02,88.5999984741211,0.0,14.3,79.80000305175781,0.0,26.100000381469727,0.0
2008-10-03,88.0999984741211,0.0,15.0,79.80000305175781,0.0,26.299999237060547,0.2
2008-10-04,85.0999984741211,2.4,11.7,70.69999694824219,2.2,27.299999237060547,1.5
2008-10-05,80.5,0.7,9.7,69.9000015258789,0.7,27.799999237060547,1.4
2008-10-06,76.69999694824219,0.0,8.0,73.80000305175781,0.0,28.399999618530277,0.0
2008-10-07,79.5999984741211,0.6,8.6,80.9000015258789,0.3,27.899999618530277,1.0
2008-10-08,82.30000305175781,0.0,7.3,84.80000305175781,0.0,27.700000762939453,0.0
2008-10-09,82.5999984741211,0.0,1.8,82.9000015258789,0.0,26.0,0.0
2008-10-10,78.9000015258789,0.0,0.6,82.30000305175781,0.0,24.899999618530277,1.4
2008-10-11,75.19999694824219,0.0,-0.3,75.0999984741211,0.0,23.799999237060547,0.0
2008-10-12,71.5,0.0,0.3,71.69999694824219,0.0,22.799999237060547,0.1
2008-10-13,69.5,0.0,5.8,67.9000015258789,0.0,23.100000381469727,0.0
2008-10-14,70.5,6.9,4.8,68.5999984741211,7.8,23.399999618530277,4.7
2008-10-15,71.9000015258789,0.0,1.4,71.5999984741211,0.0,22.299999237060547,0.0
2008-10-16,71.30000305175781,0.0,2.3,74.30000305175781,0.0,21.899999618530277,0.0
2008-10-17,75.0,0.0,5.6,79.4000015258789,0.1,21.799999237060547,0.0
2008-10-18,71.9000015258789,0.6,4.9,76.30000305175781,0.0,24.700000762939453,0.5
2008-10-19,68.19999694824219,0.0,3.4,68.5,0.2,24.0,0.0
2008-10-20,68.80000305175781,0.4,4.2,74.0,0.0,22.600000381469727,0.0
2008-10-21,71.19999694824219,0.1,5.2,76.80000305175781,0.0,22.200000762939453,1.7
2008-10-22,72.80000305175781,0.0,3.1,77.4000015258789,0.0,21.0,0.0
2008-10-23,70.9000015258789,0.0,6.3,81.30000305175781,0.0,21.100000381469727,0.0
2008-10-24,73.0999984741211,0.0,4.4,77.19999694824219,0.0,20.200000762939453,0.0
2008-10-25,68.5,0.0,3.7,70.80000305175781,0.0,20.100000381469727,0.1
2008-10-26,65.4000015258789,0.0,-0.5,70.5,0.0,18.100000381469727,0.0
2008-10-27,67.0,0.0,2.0,70.5999984741211,0.0,17.700000762939453,0.0
2008-10-28,72.80000305175781,0.0,5.4,71.4000015258789,0.0,18.0,0.0
2008-10-29,73.4000015258789,0.0,7.3,72.80000305175781,0.0,18.299999237060547,0.0
2008-10-30,73.5999984741211,0.0,4.3,76.19999694824219,0.0,18.100000381469727,0.0
2008-10-31,69.5999984741211,0.0,4.2,76.0,0.0,17.700000762939453,0.0
2009-03-01,58.20000076293945,0.0,-6.8,65.0,0.4,9.100000381469728,0.1
2009-03-02,58.09999847412109,0.0,-0.9,65.9000015258789,0.0,9.100000381469728,0.0
2009-03-03,58.09999847412109,8.9,1.5,65.30000305175781,5.2,8.899999618530273,8.1
2009-03-04,58.0,2.4,-0.3,63.70000076293945,0.9,8.680000305175781,0.5
2009-03-05,59.70000076293945,3.5,-7.1,64.0999984741211,4.3,8.420000076293945,4.9
2009-03-06,56.70000076293945,0.0,-13.2,64.4000015258789,0.0,8.130000114440918,0.0
2009-03-07,53.900001525878906,0.0,-6.1,62.900001525878906,0.2,7.900000095367432,0.6
2009-03-08,53.900001525878906,2.8,-11.4,61.70000076293945,2.3,7.800000190734863,1.7
2009-03-09,54.0,0.0,-20.7,64.19999694824219,0.0,7.699999809265137,0.0
2009-03-10,53.79999923706055,0.0,-23.9,72.0999984741211,0.0,7.650000095367432,0.0
2009-03-11,54.0,0.0,-20.6,74.0,0.0,7.769999980926514,0.0
2009-03-12,55.5,0.0,-11.4,75.4000015258789,0.0,8.5,0.0
2009-03-13,56.900001525878906,0.0,-1.7,73.80000305175781,0.0,9.25,0.0
2009-03-14,56.70000076293945,0.0,-0.7,71.0,0.0,9.100000381469728,0.0
2009-03-15,56.70000076293945,0.0,-0.5,69.4000015258789,0.1,8.899999618530273,0.9
2009-03-16,58.29999923706055,0.4,-1.6,72.5,0.3,8.65999984741211,2.3
2009-03-17,59.59999847412109,0.0,-3.2,68.80000305175781,0.0,8.390000343322754,0.1
2009-03-18,54.29999923706055,0.1,-2.7,76.5,0.0,8.1899995803833,0.0
2009-03-19,56.70000076293945,0.0,0.7,61.5,0.0,8.239999771118164,0.0
2009-03-20,56.900001525878906,0.0,1.2,76.5999984741211,0.0,8.220000267028809,0.0
2009-03-21,52.5,0.0,2.9,68.19999694824219,0.0,8.220000267028809,0.9
2009-03-22,53.20000076293945,9.6,-1.5,70.5,7.1,8.15999984741211,7.6
2009-03-23,54.0,0.0,-4.0,69.9000015258789,0.0,8.0600004196167,0.3
2009-03-24,56.900001525878906,0.0,-6.2,71.80000305175781,0.0,7.849999904632568,0.2
2009-03-25,56.70000076293945,1.6,-6.2,73.19999694824219,2.0,7.75,2.1
2009-03-26,56.79999923706055,0.0,-9.3,70.5999984741211,0.0,7.409999847412109,0.0
2009-03-27,56.79999923706055,0.0,-4.0,68.5999984741211,0.3,7.599999904632568,0.0
2009-03-28,56.70000076293945,0.2,-1.5,65.80000305175781,0.5,7.670000076293945,1.8
2009-03-29,53.900001525878906,6.8,-2.2,67.4000015258789,9.6,7.619999885559082,9.5
2009-03-30,58.09999847412109,0.0,-6.0,68.19999694824219,0.0,7.650000095367432,0.0
2009-03-31,56.5,0.2,-1.9,67.5999984741211,0.5,7.5,0.5
2009-04-01,58.20000076293945,2.4,-0.7,66.9000015258789,2.2,7.519999980926514,5.1
2009-04-02,56.70000076293945,0.2,-2.6,63.79999923706055,0.0,7.389999866485596,0.0
2009-04-03,56.70000076293945,0.0,-1.2,62.0,0.0,7.539999961853027,0.1
2009-04-04,54.0,0.0,-0.5,59.900001525878906,0.0,7.559999942779541,0.7
2009-04-05,52.29999923706055,0.0,-0.2,56.400001525878906,0.0,7.53000020980835,0.0
2009-04-06,53.70000076293945,0.0,2.7,61.0,0.0,7.739999771118164,0.0
2009-04-07,53.70000076293945,0.0,4.3,62.0,0.0,8.029999732971191,0.0
2009-04-08,54.59999847412109,0.0,3.4,68.19999694824219,0.0,8.300000190734863,0.0
2009-04-09,60.79999923706055,0.0,4.1,66.69999694824219,0.5,8.600000381469727,0.5
2009-04-10,60.70000076293945,0.7,5.5,59.20000076293945,0.3,8.930000305175781,0.1
2009-04-11,60.70000076293945,0.0,5.7,63.0,0.0,8.90999984741211,0.2
2009-04-12,60.400001525878906,0.0,6.8,61.29999923706055,0.0,8.949999809265137,0.8
2009-04-13,59.20000076293945,0.3,5.7,65.4000015258789,0.4,8.869999885559082,1.2
2009-04-14,58.70000076293945,1.7,2.0,61.5,2.4,8.710000038146973,3.1
2009-04-15,60.400001525878906,0.0,1.4,61.400001525878906,0.0,8.510000228881836,0.2
2009-04-16,60.400001525878906,0.0,3.3,60.20000076293945,0.0,8.399999618530273,0.0
2009-04-17,58.09999847412109,0.0,5.7,59.20000076293945,0.0,8.59000015258789,0.0
2009-04-18,54.59999847412109,0.0,7.0,55.5,0.0,8.720000267028809,0.0
2009-04-19,54.900001525878906,0.0,6.0,55.79999923706055,0.0,8.720000267028809,0.0
2009-04-20,55.0,0.0,8.3,62.900001525878906,0.0,8.770000457763672,0.0
2009-04-21,56.09999847412109,0.0,11.4,75.80000305175781,0.0,9.390000343322754,0.0
2009-04-22,57.29999923706055,0.9,6.8,56.900001525878906,2.1,10.0,4.9
2009-04-23,56.79999923706055,4.4,-1.8,56.20000076293945,4.6,9.899999618530272,6.4
2009-04-24,58.29999923706055,0.5,-1.3,54.400001525878906,0.8,9.770000457763672,0.0
2009-04-25,57.70000076293945,2.6,1.9,58.0,3.5,9.56999969482422,5.2
2009-04-26,56.20000076293945,0.9,1.5,53.09999847412109,1.5,9.479999542236328,3.0
2009-04-27,57.0,4.2,-0.5,75.5999984741211,3.7,9.09000015258789,4.3
2009-04-28,57.20000076293945,0.0,-0.4,74.5,0.0,8.800000190734863,1.2
2009-04-29,58.400001525878906,0.0,0.4,71.5,0.0,8.579999923706055,0.9
2009-04-30,58.900001525878906,0.0,2.0,68.5,0.5,8.59000015258789,0.6
2009-05-01,59.400001525878906,0.6,3.7,66.80000305175781,1.9,8.609999656677246,2.1
2009-05-02,56.20000076293945,0.0,7.1,63.400001525878906,0.0,8.739999771118164,0.0
2009-05-03,55.79999923706055,0.2,9.3,63.70000076293945,1.0,9.609999656677246,0.2
2009-05-04,55.79999923706055,0.4,10.3,68.5,0.1,10.399999618530272,0.0
2009-05-05,58.400001525878906,1.3,9.1,67.0999984741211,1.4,11.0,1.7
2009-05-06,57.900001525878906,0.3,9.4,67.4000015258789,0.0,11.399999618530272,0.0
2009-05-07,57.29999923706055,2.5,6.7,69.5,0.1,11.5,1.2
2009-05-08,57.79999923706055,1.7,6.6,73.5999984741211,2.1,11.699999809265137,3.9
2009-05-09,58.400001525878906,0.9,7.3,64.5,1.7,12.199999809265137,2.1
2009-05-10,58.400001525878906,0.6,7.8,78.5,0.6,12.800000190734863,1.4
2009-05-11,58.900001525878906,0.0,9.4,96.8000030517578,1.1,14.300000190734863,0.6
2009-05-12,65.19999694824219,6.3,7.2,82.80000305175781,7.6,15.600000381469728,8.1
2009-05-13,62.20000076293945,0.3,4.1,74.19999694824219,0.2,15.699999809265137,3.6
2009-05-14,62.70000076293945,1.1,5.5,64.69999694824219,1.5,14.800000190734863,6.0
2009-05-15,61.20000076293945,1.4,5.1,75.0,0.8,14.5,4.2
2009-05-16,61.29999923706055,0.0,9.1,77.19999694824219,0.0,14.300000190734863,0.0
2009-05-17,61.09999847412109,0.0,12.7,77.69999694824219,0.0,15.600000381469728,0.0
2009-05-18,61.70000076293945,2.8,7.4,69.30000305175781,5.1,23.399999618530277,7.1
2009-05-19,61.29999923706055,3.2,4.8,74.9000015258789,1.6,26.200000762939453,5.0
2009-05-20,67.30000305175781,1.8,4.2,87.80000305175781,1.7,26.700000762939453,9.3
2009-05-21,70.5999984741211,1.4,5.2,79.5999984741211,2.9,24.100000381469727,6.4
2009-05-22,75.30000305175781,0.0,7.1,72.19999694824219,0.0,22.600000381469727,0.0
2009-05-23,76.0999984741211,0.0,10.8,62.900001525878906,0.0,24.0,0.0
2009-05-24,76.5,0.0,13.6,65.0,0.0,28.899999618530277,0.0
2009-05-25,81.30000305175781,0.0,13.4,70.80000305175781,0.0,35.79999923706055,0.0
2009-05-26,81.5999984741211,1.0,14.1,76.0,0.7,41.09999847412109,0.5
2009-05-27,81.30000305175781,0.0,14.1,79.30000305175781,0.0,45.09999847412109,0.0
2009-05-28,83.80000305175781,0.0,13.1,80.19999694824219,0.0,45.900001525878906,0.0
2009-05-29,84.30000305175781,0.0,15.5,81.9000015258789,0.0,52.400001525878906,0.0
2009-05-30,82.4000015258789,0.0,18.3,90.0,0.0,81.5999984741211,0.0
2009-05-31,80.9000015258789,0.2,16.0,93.0,0.0,98.1999969482422,0.0
2009-06-01,84.19999694824219,0.0,10.8,102.0,0.0,92.6999969482422,0.0
2009-06-02,93.5,0.0,11.0,108.0,0.0,82.69999694824219,0.0
2009-06-03,102.0,0.0,14.2,118.0,0.0,83.0,0.0
2009-06-04,109.0,0.0,16.5,129.0,0.3,93.6999969482422,0.0
2009-06-05,115.0,3.0,10.1,133.0,2.2,108.0,2.8
2009-06-06,124.0,7.4,4.5,138.0,6.5,109.0,5.9
2009-06-07,124.0,0.9,5.1,139.0,1.5,89.9000015258789,0.1
2009-06-08,124.0,0.9,7.2,140.0,1.4,74.0,3.1
2009-06-09,123.0,0.3,8.3,140.0,1.0,63.09999847412109,4.4
2009-06-10,123.0,0.0,10.7,137.0,0.0,56.70000076293945,0.0
2009-06-11,123.0,0.0,13.9,138.0,0.0,56.0,0.0
2009-06-12,120.0,0.0,15.7,138.0,0.3,67.69999694824219,0.0
2009-06-13,118.0,0.0,17.0,136.0,2.8,84.4000015258789,0.3
2009-06-14,118.0,1.0,18.2,135.0,1.1,107.0,0.0
2009-06-15,119.0,0.7,19.1,140.0,1.9,129.0,8.6
2009-06-16,129.0,5.7,17.3,147.0,7.1,142.0,0.9
2009-06-17,144.0,0.9,16.9,171.0,0.9,143.0,3.3
2009-06-18,159.0,4.2,15.4,177.0,6.1,135.0,2.6
2009-06-19,158.0,1.1,15.8,178.0,1.9,126.0,7.0
2009-06-20,157.0,1.3,15.3,167.0,2.3,115.0,1.1
2009-06-21,156.0,6.9,14.7,165.0,6.7,116.0,7.9
2009-06-22,155.0,3.3,13.1,166.0,3.6,114.0,8.3
2009-06-23,154.0,2.3,13.2,167.0,2.4,107.0,4.5
2009-06-24,142.0,0.0,14.8,151.0,0.0,95.5,0.0
2009-06-25,127.0,1.6,17.8,150.0,0.3,91.1999969482422,1.5
2009-06-26,125.0,0.0,15.0,140.0,0.1,91.0999984741211,0.5
2009-06-27,113.0,0.2,14.7,119.0,0.0,81.0,0.0
2009-06-28,110.0,0.0,18.0,126.0,0.0,75.30000305175781,0.0
2009-06-29,94.1999969482422,0.0,15.1,110.0,0.6,75.5999984741211,0.1
2009-06-30,88.19999694824219,0.1,14.4,94.8000030517578,0.7,72.5999984741211,2.1
2009-07-01,89.4000015258789,2.3,12.2,92.9000015258789,2.0,67.5999984741211,0.4
2009-07-02,90.4000015258789,0.5,13.7,97.0,1.8,63.20000076293945,0.6
2009-07-03,93.4000015258789,1.5,14.0,104.0,0.4,61.0,2.5
2009-07-04,97.3000030517578,0.2,16.2,107.0,5.0,60.900001525878906,1.5
2009-07-05,98.5999984741211,11.7,14.8,103.0,10.1,63.400001525878906,5.3
2009-07-06,100.0,10.2,14.8,103.0,13.2,71.0,9.4
2009-07-07,94.5,2.6,14.2,96.0,2.8,95.6999969482422,1.1
2009-07-08,94.5,1.8,12.9,96.4000015258789,4.0,87.5999984741211,3.4
2009-07-09,94.6999969482422,8.8,11.7,104.0,10.8,81.9000015258789,13.6
2009-07-10,102.0,3.4,12.2,108.0,4.0,77.5999984741211,3.0
2009-07-11,111.0,0.1,15.4,115.0,0.0,75.4000015258789,3.1
2009-07-12,112.0,0.0,16.8,118.0,2.0,74.5999984741211,1.7
2009-07-13,120.0,11.5,16.3,113.0,9.6,77.0999984741211,4.8
2009-07-14,125.0,2.9,13.0,126.0,5.4,86.0,11.1
2009-07-15,122.0,0.1,13.3,128.0,0.0,94.6999969482422,1.9
2009-07-16,140.0,0.2,16.8,160.0,0.7,86.4000015258789,0.1
2009-07-17,136.0,0.8,18.6,141.0,0.1,81.5999984741211,0.1
2009-07-18,125.0,0.0,20.7,124.0,0.2,78.9000015258789,0.0
2009-07-19,116.0,2.6,18.9,119.0,0.8,80.80000305175781,0.4
2009-07-20,120.0,1.6,15.8,122.0,1.3,75.69999694824219,0.4
2009-07-21,119.0,0.0,17.7,121.0,0.0,69.5,0.0
2009-07-22,110.0,0.0,20.6,105.0,0.0,65.80000305175781,0.0
2009-07-23,104.0,0.0,21.4,105.0,0.0,65.5999984741211,0.5
2009-07-24,100.0,0.0,21.5,105.0,0.2,66.0999984741211,1.0
2009-07-25,98.0999984741211,0.1,21.6,99.0999984741211,0.0,68.0,2.0
2009-07-26,95.0999984741211,4.6,20.3,92.8000030517578,5.7,70.0999984741211,2.6
2009-07-27,96.5,0.0,19.2,99.8000030517578,0.0,72.0,1.8
2009-07-28,103.0,2.0,17.5,101.0,2.6,75.5,6.1
2009-07-29,106.0,0.1,16.0,111.0,1.6,73.5,0.7
2009-07-30,106.0,0.0,17.0,108.0,1.1,67.69999694824219,2.1
2009-07-31,107.0,3.7,16.4,110.0,4.0,68.0999984741211,7.4
2009-08-01,101.0,0.0,20.0,108.0,0.0,66.0,0.4
2009-08-02,106.0,0.2,20.9,107.0,0.8,68.9000015258789,0.0
2009-08-03,113.0,1.3,17.0,110.0,4.3,68.5999984741211,6.5
2009-08-04,119.0,21.3,12.0,118.0,21.2,69.9000015258789,12.6
2009-08-05,123.0,4.7,10.5,126.0,3.3,65.69999694824219,4.5
2009-08-06,118.0,1.3,12.8,118.0,1.6,63.5,5.8
2009-08-07,105.0,0.0,12.7,104.0,0.0,60.0,2.1
2009-08-08,91.0,0.0,14.7,90.1999969482422,0.0,56.20000076293945,0.0
2009-08-09,87.0,0.7,17.0,87.80000305175781,0.2,54.59999847412109,1.5
2009-08-10,87.30000305175781,0.6,17.2,88.19999694824219,1.6,53.29999923706055,0.9
2009-08-11,94.5999984741211,0.8,17.5,96.5,2.2,58.5,6.4
2009-08-12,102.0,1.2,15.1,109.0,0.5,64.30000305175781,0.7
2009-08-13,106.0,3.4,12.4,109.0,2.1,57.79999923706055,4.0
2009-08-14,106.0,11.5,10.7,107.0,15.0,65.4000015258789,14.5
2009-08-15,112.0,19.8,9.6,121.0,6.5,64.0,1.6
2009-08-16,114.0,0.6,12.0,116.0,2.1,56.900001525878906,3.2
2009-08-17,105.0,0.0,14.1,108.0,0.0,53.0,2.3
2009-08-18,95.8000030517578,0.0,18.2,94.6999969482422,0.5,51.400001525878906,0.6
2009-08-19,91.9000015258789,2.6,16.1,93.4000015258789,0.8,51.400001525878906,0.5
2009-08-20,91.3000030517578,0.0,16.5,90.5999984741211,0.0,51.59999847412109,0.0
2009-08-21,88.4000015258789,0.0,18.5,90.4000015258789,0.1,53.09999847412109,0.0
2009-08-22,82.9000015258789,0.0,18.9,81.80000305175781,0.4,57.400001525878906,0.0
2009-08-23,83.5999984741211,0.1,15.9,81.5999984741211,0.0,54.09999847412109,0.0
2009-08-24,84.19999694824219,0.0,14.0,91.8000030517578,0.3,49.09999847412109,0.0
2009-08-25,86.0,0.0,16.1,87.4000015258789,0.0,45.29999923706055,0.0
2009-08-26,85.30000305175781,0.0,16.8,88.69999694824219,0.0,43.29999923706055,0.0
2009-08-27,84.30000305175781,0.0,16.5,82.80000305175781,0.0,41.59999847412109,0.0
2009-08-28,82.5999984741211,0.0,17.6,76.5999984741211,0.0,40.20000076293945,0.0
2009-08-29,74.4000015258789,0.0,17.8,74.9000015258789,0.0,39.59999847412109,0.0
2009-08-30,73.80000305175781,0.0,17.5,74.0999984741211,0.0,40.20000076293945,0.0
2009-08-31,78.9000015258789,0.0,18.5,83.5,0.0,40.79999923706055,0.0
2009-09-01,78.80000305175781,0.0,20.0,81.0999984741211,0.0,41.5,1.7
2009-09-02,78.30000305175781,0.0,20.9,82.9000015258789,0.0,43.0,0.4
2009-09-03,81.5999984741211,0.0,20.7,83.5999984741211,0.0,44.29999923706055,0.0
2009-09-04,77.5999984741211,0.0,17.4,84.4000015258789,0.0,45.29999923706055,0.2
2009-09-05,77.30000305175781,0.0,15.8,79.0999984741211,0.0,40.0,0.0
2009-09-06,75.4000015258789,0.0,17.2,77.4000015258789,0.0,38.09999847412109,0.3
2009-09-07,73.0,0.0,12.9,79.9000015258789,0.0,38.400001525878906,0.8
2009-09-08,74.0,0.0,12.4,77.69999694824219,0.0,35.900001525878906,0.1
2009-09-09,75.9000015258789,0.0,12.2,81.0,0.0,32.900001525878906,0.0
2009-09-10,75.80000305175781,0.0,13.3,77.19999694824219,0.0,31.700000762939453,0.1
2009-09-11,75.5,0.0,13.5,76.19999694824219,0.0,30.399999618530277,0.0
2009-09-12,72.19999694824219,0.0,15.6,71.5999984741211,0.0,29.0,0.0
2009-09-13,65.80000305175781,0.0,15.3,67.9000015258789,0.0,28.200000762939453,0.0
2009-09-14,65.80000305175781,0.0,14.2,72.30000305175781,0.0,28.399999618530277,0.3
2009-09-15,64.5,0.0,16.2,67.19999694824219,0.0,29.100000381469727,0.5
2009-09-16,65.9000015258789,0.0,18.5,65.5,0.0,30.200000762939453,0.0
2009-09-17,67.5999984741211,0.4,18.9,70.4000015258789,0.8,32.400001525878906,2.3
2009-09-18,70.4000015258789,0.9,14.5,69.9000015258789,0.0,35.400001525878906,0.0
2009-09-19,69.9000015258789,0.0,18.2,67.9000015258789,0.0,33.099998474121094,0.0
2009-09-20,67.0999984741211,3.4,13.1,67.80000305175781,4.8,32.29999923706055,10.9
2009-09-21,67.30000305175781,0.0,10.4,68.19999694824219,0.0,30.5,0.1
2009-09-22,68.0,0.0,16.1,67.80000305175781,0.0,28.399999618530277,0.0
2009-09-23,70.19999694824219,0.0,19.3,75.0999984741211,0.0,28.600000381469727,0.0
2009-09-24,74.0999984741211,0.0,20.0,74.0,0.0,29.600000381469727,0.0
2009-09-25,70.19999694824219,0.0,16.1,74.30000305175781,0.0,30.399999618530277,0.0
2009-09-26,67.30000305175781,0.0,15.3,64.9000015258789,0.0,29.5,1.1
2009-09-27,62.09999847412109,0.3,9.5,59.5,0.3,28.100000381469727,0.1
2009-09-28,62.59999847412109,0.0,8.3,62.79999923706055,0.0,26.5,0.0
2009-09-29,66.5999984741211,0.0,12.6,64.0,0.0,25.100000381469727,0.1
2009-09-30,63.0,0.6,8.5,62.900001525878906,0.7,23.799999237060547,0.3
2009-10-01,63.09999847412109,0.0,5.9,63.400001525878906,0.0,22.700000762939453,1.1
2009-10-02,61.20000076293945,0.1,5.2,62.400001525878906,0.0,21.799999237060547,2.6
2009-10-03,61.59999847412109,3.9,4.4,61.900001525878906,9.4,21.899999618530277,12.2
2009-10-04,61.900001525878906,6.3,2.1,62.900001525878906,7.2,21.200000762939453,5.8
2009-10-05,63.79999923706055,1.8,2.1,64.0,0.3,20.299999237060547,0.7
2009-10-06,58.900001525878906,0.0,6.9,54.5,0.0,19.799999237060547,0.0
2009-10-07,55.29999923706055,2.2,2.5,54.79999923706055,2.8,19.600000381469727,4.5
2009-10-08,55.09999847412109,0.8,-1.0,56.5,1.2,18.899999618530277,2.5
2009-10-09,53.400001525878906,0.1,-6.0,52.20000076293945,0.1,17.5,1.2
2009-10-10,47.79999923706055,0.0,-6.1,48.59999847412109,0.0,15.600000381469728,0.0
2009-10-11,45.79999923706055,0.0,-6.4,42.900001525878906,0.0,14.699999809265137,0.0
2009-10-12,45.09999847412109,0.0,-6.8,48.09999847412109,0.0,13.899999618530272,0.0
2009-10-13,46.20000076293945,0.6,-5.5,50.79999923706055,0.4,13.399999618530272,0.3
2009-10-14,49.29999923706055,5.2,-3.0,50.900001525878906,4.3,13.100000381469728,2.9
2009-10-15,50.5,0.0,-1.8,50.70000076293945,0.0,12.899999618530272,0.0
2009-10-16,52.09999847412109,0.0,0.4,50.29999923706055,0.0,14.300000190734863,0.0
2009-10-17,52.70000076293945,0.0,6.3,48.09999847412109,0.0,17.200000762939453,3.5
2009-10-18,52.900001525878906,0.5,3.1,47.59999847412109,1.2,20.5,3.0
2009-10-19,50.400001525878906,0.8,2.2,50.20000076293945,0.0,21.100000381469727,0.0
2009-10-20,51.70000076293945,0.9,3.4,49.29999923706055,1.2,19.399999618530277,3.2
2009-10-21,52.79999923706055,0.0,3.1,52.59999847412109,0.0,18.399999618530277,0.0
2009-10-22,51.900001525878906,0.0,4.1,52.400001525878906,0.2,17.700000762939453,0.0
2009-10-23,51.70000076293945,0.0,3.3,53.79999923706055,0.3,17.200000762939453,0.3
2009-10-24,51.29999923706055,3.1,3.5,48.5,4.2,17.0,1.6
2009-10-25,50.20000076293945,0.0,1.5,47.59999847412109,0.0,16.399999618530273,0.0
2009-10-26,52.09999847412109,0.1,2.4,52.59999847412109,0.2,16.200000762939453,0.8
2009-10-27,54.20000076293945,6.2,2.1,56.20000076293945,5.1,16.200000762939453,10.8
2009-10-28,58.5,0.0,-0.4,56.29999923706055,0.0,15.699999809265137,0.0
2009-10-29,59.0,0.1,-1.2,58.79999923706055,0.1,15.0,0.9
2009-10-30,57.70000076293945,1.1,1.7,56.59999847412109,1.4,15.100000381469728,0.9
2009-10-31,54.0,0.0,5.3,52.59999847412109,0.5,15.5,0.0
2010-03-01,52.59999847412109,0.0,-0.1,53.0,0.0,7.300000190734863,0.0
2010-03-02,52.79999923706055,0.0,0.2,52.29999923706055,0.0,7.28000020980835,0.0
2010-03-03,54.09999847412109,0.0,1.8,51.20000076293945,0.0,7.329999923706055,0.0
2010-03-04,54.20000076293945,0.0,2.0,51.400001525878906,0.0,7.28000020980835,0.1
2010-03-05,54.09999847412109,0.0,2.0,52.900001525878906,0.0,7.239999771118164,0.1
2010-03-06,54.09999847412109,0.0,1.8,49.79999923706055,0.0,7.119999885559082,0.0
2010-03-07,52.59999847412109,0.0,2.2,50.5,0.0,7.050000190734863,0.0
2010-03-08,52.70000076293945,0.0,1.2,52.20000076293945,0.0,7.059999942779541,2.8
2010-03-09,52.70000076293945,1.2,-1.5,53.09999847412109,1.9,6.980000019073486,6.8
2010-03-10,52.59999847412109,0.0,-1.7,52.09999847412109,0.0,6.550000190734863,0.0
2010-03-11,51.400001525878906,0.0,-0.4,52.09999847412109,0.0,6.690000057220459,0.0
2010-03-12,51.5,0.0,2.7,49.20000076293945,0.0,7.190000057220459,1.9
2010-03-13,50.59999847412109,0.4,2.2,45.70000076293945,1.9,7.119999885559082,4.8
2010-03-14,49.900001525878906,0.0,0.5,48.20000076293945,0.2,6.920000076293945,0.0
2010-03-15,50.0,0.0,4.0,49.59999847412109,0.0,7.039999961853027,0.0
2010-03-16,48.400001525878906,0.0,5.8,47.59999847412109,0.0,7.159999847412109,0.0
2010-03-17,48.5,0.1,6.1,48.900001525878906,0.3,7.25,0.6
2010-03-18,48.5,0.2,1.5,48.900001525878906,0.6,7.190000057220459,1.2
2010-03-19,48.5,0.2,-0.8,49.09999847412109,0.3,7.079999923706055,0.6
2010-03-20,46.900001525878906,0.0,2.1,48.59999847412109,0.0,7.039999961853027,0.0
2010-03-21,47.0,0.0,4.5,48.09999847412109,0.0,7.179999828338623,0.0
2010-03-22,48.59999847412109,0.7,2.3,47.59999847412109,1.6,7.159999847412109,0.0
2010-03-23,48.400001525878906,0.4,2.0,48.5,0.9,7.110000133514404,0.0
2010-03-24,48.400001525878906,0.0,0.6,47.79999923706055,0.0,7.099999904632568,0.0
2010-03-25,48.5,0.0,0.9,47.400001525878906,0.0,7.050000190734863,0.0
2010-03-26,47.5,3.6,3.1,47.400001525878906,4.4,7.130000114440918,4.0
2010-03-27,45.29999923706055,0.0,4.3,43.400001525878906,0.0,7.210000038146973,0.0
2010-03-28,42.79999923706055,0.3,6.3,43.09999847412109,0.0,7.150000095367432,0.9
2010-03-29,45.29999923706055,0.7,5.3,47.29999923706055,1.4,7.130000114440918,4.0
2010-03-30,45.09999847412109,0.2,3.6,46.09999847412109,0.0,7.119999885559082,0.2
2010-03-31,46.20000076293945,0.2,2.2,46.29999923706055,0.5,6.860000133514404,0.0
2010-04-01,44.5,0.0,1.3,43.59999847412109,0.0,6.630000114440918,0.0
2010-04-02,42.79999923706055,0.0,1.8,41.09999847412109,0.0,6.630000114440918,0.0
2010-04-03,43.29999923706055,0.3,3.4,40.70000076293945,0.3,6.710000038146973,0.3
2010-04-04,42.59999847412109,0.0,3.0,41.900001525878906,0.0,6.630000114440918,0.0
2010-04-05,43.70000076293945,0.0,2.2,45.900001525878906,0.0,6.400000095367432,0.0
2010-04-06,44.09999847412109,0.0,4.1,46.400001525878906,0.0,6.550000190734863,0.2
2010-04-07,44.20000076293945,0.0,4.8,46.0,0.0,6.909999847412109,0.0
2010-04-08,44.09999847412109,0.9,6.2,45.70000076293945,3.9,7.230000019073486,5.6
2010-04-09,43.400001525878906,1.9,1.0,43.0,2.1,7.28000020980835,0.9
2010-04-10,42.79999923706055,0.0,0.4,43.400001525878906,0.0,7.420000076293945,0.0
2010-04-11,42.400001525878906,0.0,-0.4,41.09999847412109,0.0,7.769999980926514,0.2
2010-04-12,42.70000076293945,0.5,-0.4,45.0,0.5,7.880000114440918,0.0
2010-04-13,42.400001525878906,2.8,0.8,44.79999923706055,1.6,8.079999923706055,0.7
2010-04-14,43.09999847412109,5.8,4.7,44.5,0.9,8.1899995803833,0.0
2010-04-15,43.70000076293945,0.0,6.6,42.59999847412109,0.0,8.260000228881836,0.0
2010-04-16,43.5,0.0,7.3,43.5,0.0,8.3100004196167,0.0
2010-04-17,43.20000076293945,0.0,10.0,41.20000076293945,0.0,8.59000015258789,0.1
2010-04-18,42.5,1.9,11.1,40.5,0.0,9.130000114440918,0.5
2010-04-19,43.0,0.6,10.3,42.79999923706055,0.0,10.100000381469728,0.0
2010-04-20,43.29999923706055,0.0,11.9,43.5,0.0,11.300000190734863,0.0
2010-04-21,44.09999847412109,0.0,12.6,43.70000076293945,0.0,13.699999809265137,0.0
2010-04-22,43.70000076293945,0.0,11.8,43.29999923706055,0.2,18.200000762939453,6.4
2010-04-23,46.5,8.4,5.7,49.400001525878906,7.3,20.399999618530277,11.3
2010-04-24,51.0,3.4,4.8,48.5,3.5,19.0,1.9
2010-04-25,52.09999847412109,8.0,3.3,47.09999847412109,5.4,17.100000381469727,3.0
2010-04-26,51.900001525878906,0.3,3.9,49.70000076293945,0.7,15.399999618530272,0.0
2010-04-27,56.59999847412109,0.3,5.2,58.20000076293945,0.5,14.800000190734863,1.3
2010-04-28,66.80000305175781,18.2,4.1,63.09999847412109,21.6,14.399999618530272,13.8
2010-04-29,68.5,23.9,1.5,63.79999923706055,27.2,14.199999809265137,16.4
2010-04-30,68.19999694824219,0.0,2.6,65.0,0.0,13.5,0.0
2010-05-01,58.29999923706055,0.5,3.3,52.70000076293945,0.6,13.199999809265137,0.0
2010-05-02,53.70000076293945,0.0,3.9,51.900001525878906,1.2,13.300000190734863,0.2
2010-05-03,58.900001525878906,0.7,7.0,56.5,0.2,13.300000190734863,1.5
2010-05-04,58.29999923706055,10.6,2.7,56.29999923706055,7.3,13.199999809265137,4.0
2010-05-05,58.400001525878906,5.1,-0.8,55.70000076293945,4.4,12.699999809265137,3.7
2010-05-06,57.20000076293945,1.2,-0.6,56.29999923706055,1.5,12.300000190734863,1.1
2010-05-07,54.5,0.2,1.3,54.79999923706055,0.3,12.0,0.2
2010-05-08,47.900001525878906,0.0,1.6,45.0,0.0,11.800000190734863,0.6
2010-05-09,45.900001525878906,1.1,3.8,44.5,0.6,11.800000190734863,1.0
2010-05-10,51.5,0.6,4.3,52.5,2.3,11.699999809265137,0.0
2010-05-11,56.900001525878906,0.0,5.9,51.59999847412109,0.2,11.899999618530272,0.0
2010-05-12,57.09999847412109,0.1,7.9,53.900001525878906,0.4,11.800000190734863,0.0
2010-05-13,56.70000076293945,0.0,10.6,50.900001525878906,0.0,12.399999618530272,0.0
2010-05-14,53.59999847412109,0.0,11.9,57.09999847412109,0.0,13.699999809265137,0.0
2010-05-15,50.20000076293945,0.0,12.9,50.09999847412109,0.0,15.399999618530272,0.0
2010-05-16,49.09999847412109,0.0,14.2,47.09999847412109,0.0,18.700000762939453,0.0
2010-05-17,53.0,0.0,16.4,66.9000015258789,0.0,23.899999618530277,0.0
2010-05-18,60.900001525878906,0.0,17.8,64.69999694824219,0.8,35.0,0.0
2010-05-19,68.5999984741211,2.0,15.7,64.30000305175781,2.8,62.70000076293945,0.0
2010-05-20,82.4000015258789,2.0,11.7,81.4000015258789,2.4,82.0999984741211,1.4
2010-05-21,102.0,0.0,8.3,99.1999969482422,0.9,68.4000015258789,0.2
2010-05-22,97.8000030517578,0.4,6.4,94.8000030517578,0.6,55.79999923706055,2.1
2010-05-23,91.5999984741211,0.0,6.8,84.19999694824219,0.2,47.59999847412109,7.4
2010-05-24,84.9000015258789,0.0,8.7,82.9000015258789,0.2,41.0,0.1
2010-05-25,85.5999984741211,0.0,10.2,89.9000015258789,0.0,37.5,0.0
2010-05-26,85.19999694824219,0.5,10.6,86.0,0.3,35.599998474121094,1.8
2010-05-27,99.5,12.1,8.4,92.4000015258789,10.1,35.0,10.2
2010-05-28,96.5999984741211,11.8,3.7,97.0999984741211,12.7,34.400001525878906,10.1
2010-05-29,94.4000015258789,9.7,3.0,90.8000030517578,8.0,33.29999923706055,2.0
2010-05-30,87.5,3.0,3.2,89.0,3.9,32.099998474121094,6.4
2010-05-31,86.0999984741211,0.5,5.3,88.9000015258789,0.4,30.700000762939453,1.2
2010-06-01,83.19999694824219,0.0,6.8,75.69999694824219,0.0,30.100000381469727,0.2
2010-06-02,82.4000015258789,0.0,10.2,80.19999694824219,0.0,31.799999237060547,1.9
2010-06-03,83.5999984741211,3.7,11.1,79.19999694824219,3.7,37.09999847412109,2.3
2010-06-04,80.4000015258789,0.0,10.1,82.5999984741211,0.0,41.59999847412109,0.0
2010-06-05,79.9000015258789,0.0,11.4,80.5,0.0,40.20000076293945,0.4
2010-06-06,81.5999984741211,0.6,11.7,84.5999984741211,0.2,41.29999923706055,0.6
2010-06-07,86.0,7.1,11.9,85.5,10.9,44.79999923706055,5.2
2010-06-08,84.5999984741211,3.1,10.2,80.19999694824219,3.6,50.79999923706055,5.0
2010-06-09,91.5999984741211,9.0,9.5,93.3000030517578,9.1,55.5,9.8
2010-06-10,99.6999969482422,14.1,6.8,104.0,24.1,61.70000076293945,12.2
2010-06-11,102.0,0.9,7.4,118.0,1.4,59.29999923706055,0.7
2010-06-12,101.0,0.2,11.2,110.0,0.0,57.900001525878906,0.0
2010-06-13,99.3000030517578,0.0,15.5,107.0,0.0,71.19999694824219,0.0
2010-06-14,98.5999984741211,0.3,14.6,123.0,0.0,103.0,2.6
2010-06-15,116.0,10.7,10.0,137.0,7.5,113.0,8.9
2010-06-16,152.0,6.0,9.4,172.0,3.2,103.0,6.0
2010-06-17,161.0,20.0,8.2,185.0,14.2,89.30000305175781,10.4
2010-06-18,158.0,1.6,10.7,181.0,0.9,78.0999984741211,1.2
2010-06-19,152.0,0.0,12.7,168.0,0.0,74.19999694824219,0.7
2010-06-20,139.0,0.0,14.4,164.0,0.4,81.0999984741211,1.0
2010-06-21,143.0,0.0,14.9,166.0,1.1,95.1999969482422,1.6
2010-06-22,158.0,0.8,16.0,184.0,2.4,113.0,6.3
2010-06-23,163.0,4.0,14.6,192.0,3.0,125.0,1.6
2010-06-24,184.0,0.3,16.5,206.0,0.3,131.0,1.8
2010-06-25,184.0,1.4,16.9,205.0,0.4,133.0,0.2
2010-06-26,184.0,0.1,15.8,213.0,0.1,128.0,0.6
2010-06-27,185.0,0.0,16.8,208.0,0.0,121.0,1.5
2010-06-28,184.0,0.0,17.7,207.0,1.1,126.0,2.1
2010-06-29,168.0,0.8,20.0,182.0,1.0,134.0,1.4
2010-06-30,158.0,0.6,17.8,182.0,1.3,138.0,1.2
2010-07-01,157.0,0.0,13.3,180.0,0.1,119.0,0.1
2010-07-02,152.0,0.0,13.4,164.0,0.3,100.0,3.4
2010-07-03,134.0,0.2,13.4,161.0,0.0,87.5999984741211,1.1
2010-07-04,130.0,1.4,14.7,151.0,1.1,78.5999984741211,2.7
2010-07-05,124.0,5.9,10.9,138.0,5.5,76.5999984741211,2.9
2010-07-06,121.0,0.0,14.2,144.0,0.0,70.5999984741211,2.2
2010-07-07,111.0,0.2,16.2,127.0,0.6,66.4000015258789,4.3
2010-07-08,99.0999984741211,0.0,18.4,119.0,0.6,70.80000305175781,0.2
2010-07-09,98.9000015258789,0.0,20.4,113.0,0.0,80.30000305175781,0.0
2010-07-10,102.0,9.6,18.1,112.0,11.5,91.0999984741211,9.1
2010-07-11,105.0,1.3,14.5,127.0,3.0,97.3000030517578,3.9
2010-07-12,125.0,8.7,17.2,142.0,11.7,104.0,6.2
2010-07-13,143.0,15.4,9.0,150.0,17.6,104.0,15.3
2010-07-14,144.0,9.6,13.4,167.0,7.7,90.6999969482422,3.8
2010-07-15,124.0,0.0,17.3,138.0,0.0,80.9000015258789,0.0
2010-07-16,107.0,1.1,17.1,111.0,2.0,80.5999984741211,4.5
2010-07-17,101.0,0.2,14.8,117.0,1.9,79.0999984741211,0.6
2010-07-18,102.0,0.0,15.8,117.0,0.0,74.9000015258789,2.1
2010-07-19,105.0,11.6,13.9,116.0,8.1,74.80000305175781,12.9
2010-07-20,107.0,0.0,13.3,125.0,1.5,75.4000015258789,2.6
2010-07-21,106.0,0.1,15.1,123.0,0.3,70.69999694824219,4.4
2010-07-22,99.1999969482422,1.0,15.6,119.0,0.1,68.5,3.8
2010-07-23,93.0999984741211,1.6,15.7,105.0,2.4,66.9000015258789,5.6
2010-07-24,90.3000030517578,0.0,17.6,105.0,0.0,66.30000305175781,0.0
2010-07-25,89.5999984741211,0.0,19.3,104.0,0.0,67.0,0.0
2010-07-26,90.5999984741211,1.1,17.8,106.0,2.6,67.80000305175781,0.7
2010-07-27,91.8000030517578,0.7,16.2,104.0,1.3,67.30000305175781,0.6
2010-07-28,92.0999984741211,0.0,18.2,102.0,0.9,68.4000015258789,0.4
2010-07-29,91.9000015258789,0.0,20.1,102.0,0.0,70.0,3.9
2010-07-30,89.19999694824219,0.0,19.1,104.0,0.1,68.9000015258789,1.6
2010-07-31,90.6999969482422,4.2,17.2,104.0,3.5,66.69999694824219,3.5
2010-08-01,91.0,1.0,15.9,102.0,3.2,64.19999694824219,8.3
2010-08-02,93.1999969482422,4.3,16.2,100.0,7.9,70.19999694824219,10.2
2010-08-03,94.0,0.0,14.6,102.0,0.5,67.0999984741211,6.0
2010-08-04,92.9000015258789,0.0,15.1,104.0,0.0,61.5,0.0
2010-08-05,92.1999969482422,0.0,16.4,101.0,0.0,56.59999847412109,0.0
2010-08-06,86.9000015258789,1.3,18.2,101.0,1.4,55.400001525878906,0.3
2010-08-07,84.9000015258789,0.6,18.3,92.0999984741211,0.2,56.5,0.4
2010-08-08,83.4000015258789,1.9,16.1,88.19999694824219,1.7,56.79999923706055,4.1
2010-08-09,85.0,0.0,16.6,82.9000015258789,0.0,56.400001525878906,1.1
2010-08-10,82.5999984741211,0.7,16.5,89.4000015258789,0.8,58.5,2.1
2010-08-11,83.80000305175781,0.0,16.2,90.5,0.0,55.0,2.6
2010-08-12,86.80000305175781,4.5,15.7,96.4000015258789,9.0,52.70000076293945,8.6
2010-08-13,90.5,5.8,12.0,99.0,4.6,52.400001525878906,5.3
2010-08-14,88.69999694824219,0.2,14.2,97.3000030517578,0.6,50.900001525878906,0.6
2010-08-15,87.30000305175781,0.0,15.1,93.0,0.0,48.79999923706055,0.0
2010-08-16,84.69999694824219,0.0,15.8,92.0,0.0,47.70000076293945,0.0
2010-08-17,78.69999694824219,0.3,14.8,83.4000015258789,0.8,47.59999847412109,0.2
2010-08-18,73.5999984741211,0.0,16.9,75.9000015258789,0.0,47.0,0.0
2010-08-19,75.30000305175781,0.5,19.1,77.5,1.5,48.09999847412109,2.8
2010-08-20,74.5999984741211,2.6,14.9,75.0999984741211,1.2,46.59999847412109,1.3
2010-08-21,69.5999984741211,0.0,14.0,72.0,0.4,43.5,0.0
2010-08-22,68.30000305175781,4.3,13.9,74.80000305175781,9.4,41.29999923706055,4.1
2010-08-23,68.5999984741211,1.1,11.7,74.9000015258789,0.5,39.5,0.8
2010-08-24,69.5,0.0,13.2,72.69999694824219,0.0,36.20000076293945,0.0
2010-08-25,65.9000015258789,0.0,16.4,70.80000305175781,0.0,34.5,0.0
2010-08-26,63.5,0.0,20.1,68.0999984741211,0.0,35.0,0.2
2010-08-27,63.400001525878906,3.5,15.6,66.0999984741211,2.1,39.09999847412109,1.9
2010-08-28,63.70000076293945,0.3,10.8,65.4000015258789,1.5,37.5,0.2
2010-08-29,64.19999694824219,3.0,8.0,67.30000305175781,4.0,34.900001525878906,5.5
2010-08-30,66.19999694824219,1.6,7.3,70.69999694824219,1.7,33.599998474121094,1.4
2010-08-31,65.9000015258789,0.0,9.8,69.69999694824219,0.2,31.799999237060547,1.5
2010-09-01,65.0,2.3,10.1,67.9000015258789,5.0,30.5,7.7
2010-09-02,64.80000305175781,0.0,10.0,65.5999984741211,0.3,29.200000762939453,1.1
2010-09-03,63.79999923706055,0.0,13.7,66.5,0.0,27.700000762939453,0.0
2010-09-04,62.09999847412109,1.1,15.1,63.5,2.9,26.700000762939453,1.9
2010-09-05,62.400001525878906,13.6,8.8,61.59999847412109,9.3,27.399999618530277,15.0
2010-09-06,62.400001525878906,0.1,8.0,63.70000076293945,0.4,26.899999618530277,2.0
2010-09-07,62.400001525878906,0.0,8.6,65.4000015258789,0.5,26.100000381469727,5.0
2010-09-08,64.5999984741211,12.0,8.8,65.5,10.7,26.200000762939453,7.9
2010-09-09,63.400001525878906,0.6,8.7,62.29999923706055,0.9,26.0,0.7
2010-09-10,62.20000076293945,0.0,9.8,61.900001525878906,0.0,25.200000762939453,0.7
2010-09-11,58.59999847412109,3.4,9.8,59.59999847412109,2.7,24.799999237060547,0.7
2010-09-12,57.0,0.3,7.6,65.9000015258789,0.6,25.200000762939453,1.9
2010-09-13,60.400001525878906,2.9,8.6,60.400001525878906,8.1,26.299999237060547,7.3
2010-09-14,63.79999923706055,0.3,6.6,71.19999694824219,0.4,27.0,2.6
2010-09-15,66.19999694824219,4.0,9.3,74.0999984741211,4.2,26.200000762939453,1.3
2010-09-16,68.30000305175781,10.3,6.7,75.0999984741211,8.1,27.399999618530277,10.5
2010-09-17,67.80000305175781,0.2,4.0,74.4000015258789,0.1,32.099998474121094,5.4
2010-09-18,63.20000076293945,0.0,3.3,59.09999847412109,0.0,31.299999237060547,0.0
2010-09-19,60.59999847412109,9.6,3.8,61.79999923706055,8.1,30.899999618530277,6.0
2010-09-20,59.29999923706055,0.5,4.3,68.0999984741211,0.8,35.900001525878906,3.6
2010-09-21,66.5,7.2,3.2,75.0,8.5,42.70000076293945,7.7
2010-09-22,79.30000305175781,0.0,3.7,89.69999694824219,0.0,42.20000076293945,0.0
2010-09-23,82.19999694824219,0.0,6.1,93.0,0.0,39.400001525878906,0.0
2010-09-24,80.9000015258789,0.0,8.7,89.5999984741211,0.0,37.09999847412109,0.0
2010-09-25,83.19999694824219,0.0,11.0,88.5999984741211,0.7,35.20000076293945,0.0
2010-09-26,81.4000015258789,0.4,13.4,90.3000030517578,0.2,35.900001525878906,0.6
2010-09-27,77.0,0.0,12.7,90.6999969482422,0.0,43.0,0.0
2010-09-28,79.0,0.7,13.4,90.3000030517578,3.8,49.900001525878906,13.8
2010-09-29,87.19999694824219,0.4,9.1,102.0,0.4,90.9000015258789,0.0
2010-09-30,111.0,0.0,10.0,129.0,0.0,77.69999694824219,0.0
2010-10-01,111.0,0.0,8.2,131.0,0.0,65.19999694824219,0.0
2010-10-02,101.0,0.0,11.9,115.0,0.0,56.5,0.0
2010-10-03,92.0,0.6,11.8,97.9000015258789,0.2,50.400001525878906,0.4
2010-10-04,95.0999984741211,2.6,11.6,114.0,1.1,46.0,0.1
2010-10-05,91.0,3.1,10.5,105.0,4.2,42.900001525878906,1.3
2010-10-06,80.5,0.0,10.5,90.9000015258789,0.0,39.70000076293945,0.0
2010-10-07,86.4000015258789,0.0,11.6,91.9000015258789,0.0,37.20000076293945,0.0
2010-10-08,88.5999984741211,0.0,13.1,96.1999969482422,0.0,35.400001525878906,0.0
2010-10-09,78.69999694824219,0.0,11.7,92.0,0.0,33.900001525878906,0.0
2010-10-10,67.5999984741211,0.0,13.6,76.80000305175781,0.2,32.79999923706055,1.7
2010-10-11,72.4000015258789,1.6,9.6,74.80000305175781,1.8,33.79999923706055,0.0
2010-10-12,79.5,0.0,7.9,81.80000305175781,0.0,32.20000076293945,0.0
2010-10-13,72.0999984741211,0.0,7.5,85.0,0.0,30.899999618530277,0.0
2010-10-14,76.4000015258789,0.0,9.2,83.69999694824219,0.0,29.700000762939453,0.0
2010-10-15,75.5,2.0,6.1,81.4000015258789,2.0,29.100000381469727,3.9
2010-10-16,69.0,0.0,2.0,71.0999984741211,0.0,28.100000381469727,0.0
2010-10-17,65.9000015258789,0.0,1.9,72.5999984741211,0.0,26.799999237060547,0.0
2010-10-18,69.0999984741211,0.0,3.6,72.69999694824219,0.0,26.0,0.0
2010-10-19,67.9000015258789,0.0,8.0,72.69999694824219,0.0,25.600000381469727,0.0
2010-10-20,63.900001525878906,0.0,6.9,72.69999694824219,0.0,25.100000381469727,0.0
2010-10-21,63.900001525878906,0.0,8.2,74.69999694824219,0.0,24.600000381469727,0.0
2010-10-22,64.5,0.0,5.9,71.0999984741211,0.0,24.100000381469727,0.0
2010-10-23,60.29999923706055,0.0,4.6,56.09999847412109,0.0,23.799999237060547,0.0
2010-10-24,57.0,0.9,4.0,58.0,0.4,23.600000381469727,1.7
2010-10-25,57.0,3.4,2.6,63.59999847412109,4.2,23.399999618530277,6.1
2010-10-26,58.29999923706055,0.0,0.4,64.5999984741211,0.0,23.100000381469727,3.0
2010-10-27,60.400001525878906,0.0,0.0,67.69999694824219,0.0,22.799999237060547,0.6
2010-10-28,59.400001525878906,0.0,-0.7,68.19999694824219,0.0,22.100000381469727,0.0
2010-10-29,60.400001525878906,0.0,1.7,67.0999984741211,0.0,21.5,0.5
2010-10-30,62.09999847412109,0.0,1.5,69.4000015258789,0.0,21.100000381469727,0.0
2010-10-31,61.79999923706055,0.0,2.8,71.69999694824219,0.0,20.399999618530277,0.0
2011-03-01,55.59999847412109,0.5,-24.4,49.70000076293945,0.1,7.610000133514404,0.1
2011-03-02,56.400001525878906,0.0,-20.9,53.79999923706055,0.0,7.699999809265137,0.0
2011-03-03,58.400001525878906,0.0,-16.6,49.29999923706055,0.0,7.840000152587891,0.0
2011-03-04,60.5,0.1,-15.9,49.5,0.1,7.909999847412109,0.1
2011-03-05,61.20000076293945,0.2,-16.9,46.900001525878906,0.2,7.909999847412109,0.0
2011-03-06,58.29999923706055,0.0,-17.1,46.900001525878906,0.0,7.949999809265137,0.0
2011-03-07,58.400001525878906,0.0,-16.4,46.79999923706055,0.0,8.010000228881836,0.0
2011-03-08,58.400001525878906,0.0,-13.0,48.29999923706055,0.0,8.130000114440918,0.0
2011-03-09,57.0,0.0,-7.5,44.70000076293945,0.0,8.279999732971191,0.2
2011-03-10,55.5,0.0,0.6,43.09999847412109,0.0,8.40999984741211,4.1
2011-03-11,55.59999847412109,0.7,-8.0,45.400001525878906,0.5,8.510000228881836,1.1
2011-03-12,54.09999847412109,0.0,-7.3,45.70000076293945,0.0,8.550000190734863,0.0
2011-03-13,54.400001525878906,0.0,-1.7,46.09999847412109,0.0,8.550000190734863,0.0
2011-03-14,55.59999847412109,0.0,2.7,45.400001525878906,0.0,8.510000228881836,0.4
2011-03-15,58.29999923706055,0.0,0.2,47.59999847412109,0.0,8.449999809265137,0.0
2011-03-16,57.0,1.5,0.5,47.59999847412109,2.0,8.40999984741211,1.6
2011-03-17,55.59999847412109,2.3,-0.2,45.20000076293945,1.9,8.390000343322754,0.0
2011-03-18,57.0,0.0,-0.5,49.20000076293945,0.0,8.399999618530273,0.0
2011-03-19,59.70000076293945,0.0,-2.6,48.900001525878906,0.0,8.420000076293945,0.1
2011-03-20,59.900001525878906,4.3,-1.5,48.900001525878906,4.2,8.520000457763672,5.2
2011-03-21,60.0,4.7,-3.6,46.5,3.0,8.470000267028809,1.3
2011-03-22,62.59999847412109,3.5,-2.4,51.5,2.1,8.5,0.9
2011-03-23,63.29999923706055,2.3,-2.7,48.59999847412109,2.7,8.579999923706055,2.2
2011-03-24,64.0999984741211,0.0,-3.5,49.09999847412109,0.0,8.510000228881836,0.1
2011-03-25,62.0,0.0,-4.8,52.70000076293945,0.0,8.59000015258789,0.0
2011-03-26,62.70000076293945,0.0,-4.6,51.5,0.0,8.65999984741211,0.8
2011-03-27,64.0,0.1,-3.0,51.09999847412109,0.7,8.699999809265137,0.6
2011-03-28,64.19999694824219,0.9,-2.5,52.5,0.7,8.770000457763672,0.4
2011-03-29,64.80000305175781,0.1,-2.0,52.70000076293945,0.1,8.6899995803833,0.9
2011-03-30,66.69999694824219,0.1,1.4,52.5,0.4,8.649999618530273,1.3
2011-03-31,67.5,3.3,2.1,51.29999923706055,2.7,8.710000038146973,2.6
2011-04-01,68.5999984741211,1.2,0.4,46.29999923706055,1.3,8.729999542236328,0.4
2011-04-02,69.69999694824219,21.0,-0.6,49.70000076293945,23.4,8.75,17.0
2011-04-03,69.69999694824219,1.3,-2.2,48.70000076293945,1.1,8.619999885559082,1.9
2011-04-04,66.69999694824219,0.0,-1.0,51.70000076293945,0.1,8.59000015258789,0.0
2011-04-05,66.9000015258789,0.3,-0.4,51.5,1.0,8.609999656677246,1.1
2011-04-06,65.5,0.0,-1.1,49.79999923706055,0.3,8.5600004196167,0.8
2011-04-07,65.5,4.3,-0.5,50.400001525878906,3.7,8.550000190734863,6.8
2011-04-08,64.0,0.1,-0.0,51.29999923706055,0.4,8.5,0.8
2011-04-09,62.29999923706055,0.0,0.2,50.0,0.0,8.390000343322754,0.0
2011-04-10,61.79999923706055,0.0,3.7,51.70000076293945,0.0,8.470000267028809,0.0
2011-04-11,62.59999847412109,0.4,4.6,56.5,1.2,8.539999961853027,2.6
2011-04-12,66.5999984741211,0.0,1.0,57.5,0.0,8.710000038146973,0.0
2011-04-13,67.0,0.2,0.4,57.400001525878906,0.0,8.920000076293945,0.0
2011-04-14,69.5999984741211,11.1,0.9,56.59999847412109,8.4,8.800000190734863,3.6
2011-04-15,66.69999694824219,0.7,-2.1,55.900001525878906,0.6,8.479999542236328,0.9
2011-04-16,63.09999847412109,3.3,-2.7,53.5,5.6,8.369999885559082,4.2
2011-04-17,61.59999847412109,5.7,-3.4,53.79999923706055,6.5,8.260000228881836,5.7
2011-04-18,60.59999847412109,0.0,-7.8,56.70000076293945,0.8,8.029999732971191,1.0
2011-04-19,61.400001525878906,0.0,-5.4,55.5,0.2,8.069999694824219,1.2
2011-04-20,58.29999923706055,0.0,-1.5,53.0,0.2,8.050000190734863,0.0
2011-04-21,57.09999847412109,0.0,0.9,55.59999847412109,0.3,8.229999542236328,1.3
2011-04-22,60.0,0.2,0.4,56.0,0.5,8.180000305175781,1.2
2011-04-23,59.09999847412109,0.0,1.9,57.5,0.0,8.239999771118164,0.0
2011-04-24,59.29999923706055,0.0,4.1,58.70000076293945,0.0,8.40999984741211,0.0
2011-04-25,61.5,0.8,5.5,60.5,1.3,8.729999542236328,0.3
2011-04-26,62.29999923706055,0.0,3.4,61.70000076293945,0.1,8.859999656677246,0.4
2011-04-27,61.900001525878906,1.6,4.5,62.79999923706055,1.3,8.930000305175781,0.6
2011-04-28,61.59999847412109,1.8,2.6,63.400001525878906,0.7,8.869999885559082,2.3
2011-04-29,61.09999847412109,9.3,2.7,60.70000076293945,13.6,8.9399995803833,17.5
2011-04-30,60.20000076293945,0.8,1.7,60.20000076293945,0.4,8.850000381469727,0.2
2011-05-01,58.79999923706055,0.4,3.4,59.900001525878906,0.9,8.789999961853027,1.0
2011-05-02,57.400001525878906,0.0,6.6,60.70000076293945,0.0,9.130000114440918,0.0
2011-05-03,59.0,2.6,7.5,55.900001525878906,4.7,9.6899995803833,0.6
2011-05-04,57.79999923706055,0.9,6.3,56.09999847412109,0.0,9.9399995803833,0.0
2011-05-05,58.20000076293945,0.0,7.5,57.29999923706055,0.0,10.199999809265137,0.0
2011-05-06,58.400001525878906,1.4,6.2,56.20000076293945,2.0,10.399999618530272,1.2
2011-05-07,58.29999923706055,1.0,6.1,48.79999923706055,1.1,10.399999618530272,1.4
2011-05-08,55.400001525878906,7.4,5.4,51.900001525878906,17.2,10.899999618530272,9.5
2011-05-09,57.09999847412109,0.7,6.6,62.400001525878906,2.9,11.0,1.0
2011-05-10,65.0999984741211,0.0,8.5,69.5999984741211,0.0,11.0,0.0
2011-05-11,71.0999984741211,0.0,11.7,67.9000015258789,0.0,12.100000381469728,0.0
2011-05-12,75.19999694824219,0.3,13.5,71.5999984741211,1.8,14.699999809265137,0.0
2011-05-13,77.5,0.0,10.6,78.5999984741211,0.0,17.799999237060547,0.2
2011-05-14,82.0999984741211,0.0,10.8,89.9000015258789,0.0,20.200000762939453,0.0
2011-05-15,84.30000305175781,0.0,8.9,86.5,0.0,25.799999237060547,0.0
2011-05-16,84.19999694824219,0.0,10.2,88.5999984741211,0.1,29.899999618530277,1.3
2011-05-17,88.0999984741211,0.2,9.9,94.0,2.6,33.20000076293945,4.1
2011-05-18,88.80000305175781,0.2,9.5,95.4000015258789,0.3,32.0,0.5
2011-05-19,93.4000015258789,18.5,9.6,95.9000015258789,18.7,32.400001525878906,12.8
2011-05-20,93.0999984741211,4.4,10.2,103.0,5.0,32.900001525878906,1.5
2011-05-21,101.0,0.0,12.0,106.0,0.0,33.599998474121094,0.0
2011-05-22,103.0,0.3,12.9,104.0,1.8,40.09999847412109,0.2
2011-05-23,103.0,5.5,11.0,108.0,10.0,52.5,1.4
2011-05-24,107.0,0.8,4.6,122.0,1.8,62.59999847412109,1.1
2011-05-25,122.0,6.0,4.9,135.0,7.6,74.9000015258789,3.8
2011-05-26,173.0,17.1,6.9,174.0,18.4,87.5999984741211,13.8
2011-05-27,288.0,36.7,5.9,298.0,39.3,93.9000015258789,36.4
2011-05-28,304.0,1.6,7.5,292.0,4.0,83.69999694824219,6.6
2011-05-29,269.0,0.8,8.3,273.0,0.2,73.5999984741211,0.2
2011-05-30,251.0,0.1,8.5,248.0,0.3,67.80000305175781,0.0
2011-05-31,232.0,0.1,9.1,235.0,0.1,67.0999984741211,0.3
2011-06-01,226.0,0.7,10.3,225.0,5.1,71.30000305175781,1.3
2011-06-02,225.0,0.4,10.9,225.0,2.1,73.69999694824219,0.3
2011-06-03,222.0,3.0,12.6,222.0,3.2,83.0999984741211,0.4
2011-06-04,225.0,0.4,9.5,215.0,1.9,94.5,0.0
2011-06-05,218.0,0.1,12.0,213.0,1.0,99.6999969482422,0.0
2011-06-06,209.0,8.1,11.4,204.0,7.8,120.0,1.5
2011-06-07,206.0,8.5,11.6,215.0,8.7,137.0,5.3
2011-06-08,235.0,3.3,10.1,229.0,6.6,138.0,8.2
2011-06-09,246.0,0.0,11.3,263.0,0.0,124.0,0.0
2011-06-10,263.0,0.0,13.3,277.0,0.0,127.0,0.3
2011-06-11,284.0,10.0,12.0,289.0,8.6,138.0,3.0
2011-06-12,287.0,1.1,11.5,290.0,0.3,143.0,2.0
2011-06-13,281.0,0.1,13.4,275.0,0.8,152.0,0.6
2011-06-14,275.0,0.0,13.3,288.0,0.1,148.0,1.0
2011-06-15,260.0,5.7,11.3,269.0,4.9,143.0,4.7
2011-06-16,249.0,14.7,9.3,255.0,20.6,132.0,19.1
2011-06-17,259.0,6.8,10.1,282.0,8.5,136.0,12.0
2011-06-18,265.0,2.8,11.0,275.0,3.2,145.0,3.8
2011-06-19,281.0,12.3,11.3,296.0,12.1,148.0,11.4
2011-06-20,301.0,1.5,12.6,323.0,6.2,162.0,6.5
2011-06-21,308.0,1.6,13.1,328.0,3.1,176.0,0.9
2011-06-22,307.0,0.0,15.7,327.0,0.0,173.0,0.2
2011-06-23,305.0,1.1,17.1,329.0,2.0,179.0,1.5
2011-06-24,313.0,0.2,13.9,336.0,0.4,177.0,1.8
2011-06-25,305.0,0.0,11.3,320.0,0.8,148.0,0.8
2011-06-26,284.0,3.2,11.4,290.0,4.8,125.0,5.9
2011-06-27,262.0,0.0,13.9,262.0,0.0,112.0,0.0
2011-06-28,238.0,0.0,17.2,242.0,0.1,121.0,0.0
2011-06-29,238.0,1.6,18.8,242.0,2.7,151.0,3.0
2011-06-30,255.0,0.6,16.3,255.0,0.7,178.0,1.5
2011-07-01,247.0,0.0,13.0,252.0,0.6,151.0,0.2
2011-07-02,227.0,0.0,14.2,231.0,0.0,124.0,0.0
2011-07-03,226.0,1.2,17.1,218.0,1.2,117.0,2.1
2011-07-04,217.0,0.0,15.1,215.0,2.0,121.0,0.5
2011-07-05,207.0,0.0,16.2,208.0,0.7,120.0,0.0
2011-07-06,207.0,0.0,18.8,207.0,0.0,123.0,0.0
2011-07-07,206.0,0.0,19.2,206.0,0.0,132.0,0.1
2011-07-08,206.0,0.5,18.3,204.0,0.5,152.0,0.7
2011-07-09,205.0,0.0,14.9,205.0,0.5,141.0,0.2
2011-07-10,207.0,0.0,14.6,205.0,0.1,118.0,1.3
2011-07-11,203.0,1.6,15.0,199.0,3.4,104.0,8.7
2011-07-12,190.0,9.8,15.3,181.0,6.7,103.0,5.4
2011-07-13,207.0,2.2,16.5,194.0,5.1,113.0,8.4
2011-07-14,202.0,1.2,16.2,194.0,2.1,130.0,1.9
2011-07-15,202.0,0.0,15.7,194.0,0.0,119.0,0.1
2011-07-16,202.0,0.0,15.5,190.0,0.0,105.0,0.0
2011-07-17,189.0,0.0,17.4,183.0,0.0,98.5,0.0
2011-07-18,176.0,0.0,20.4,174.0,0.9,104.0,2.2
2011-07-19,183.0,11.2,19.0,173.0,7.9,129.0,5.1
2011-07-20,197.0,1.5,15.5,184.0,4.2,149.0,5.0
2011-07-21,212.0,0.0,14.9,215.0,0.0,129.0,0.4
2011-07-22,214.0,9.7,12.5,203.0,7.6,116.0,10.9
2011-07-23,213.0,0.0,11.2,202.0,0.8,106.0,2.6
2011-07-24,214.0,0.0,14.5,203.0,0.0,98.0999984741211,0.0
2011-07-25,198.0,0.0,16.8,204.0,0.0,91.5999984741211,0.3
2011-07-26,187.0,3.2,16.1,183.0,10.2,105.0,16.6
2011-07-27,200.0,1.8,13.9,191.0,5.9,121.0,0.3
2011-07-28,214.0,0.4,14.7,220.0,1.1,111.0,0.1
2011-07-29,212.0,0.3,15.8,213.0,0.0,103.0,0.6
2011-07-30,213.0,0.2,16.4,212.0,0.0,102.0,0.0
2011-07-31,200.0,0.0,19.9,196.0,0.0,96.0,0.3
2011-08-01,176.0,0.7,17.4,179.0,1.5,97.5999984741211,0.0
2011-08-02,178.0,0.1,16.6,176.0,2.0,92.0,0.0
2011-08-03,183.0,0.2,16.7,182.0,0.0,83.5999984741211,0.7
2011-08-04,175.0,0.4,16.3,181.0,0.3,77.69999694824219,0.0
2011-08-05,171.0,0.0,18.0,167.0,1.2,74.30000305175781,0.1
2011-08-06,154.0,0.4,16.9,169.0,3.3,72.69999694824219,3.4
2011-08-07,153.0,0.9,15.0,145.0,1.1,71.80000305175781,0.5
2011-08-08,152.0,0.0,15.5,154.0,0.0,68.69999694824219,0.5
2011-08-09,145.0,0.0,17.3,155.0,0.0,65.5999984741211,0.4
2011-08-10,144.0,1.5,16.8,155.0,1.7,63.70000076293945,6.6
2011-08-11,156.0,1.9,14.7,155.0,3.2,69.30000305175781,1.7
2011-08-12,154.0,0.1,15.4,151.0,0.0,70.0999984741211,6.7
2011-08-13,131.0,0.0,17.8,138.0,0.0,65.80000305175781,0.0
2011-08-14,125.0,0.0,19.6,136.0,0.0,64.0999984741211,0.0
2011-08-15,130.0,10.6,14.7,142.0,11.8,64.9000015258789,4.0
2011-08-16,129.0,0.0,12.2,138.0,0.0,64.19999694824219,0.9
2011-08-17,130.0,0.0,15.6,142.0,0.0,56.900001525878906,0.0
2011-08-18,132.0,1.5,13.3,147.0,2.3,53.20000076293945,1.0
2011-08-19,134.0,0.0,11.8,142.0,0.8,49.79999923706055,0.0
2011-08-20,129.0,0.0,14.2,126.0,0.0,46.29999923706055,0.0
2011-08-21,120.0,0.0,18.1,132.0,0.0,44.79999923706055,0.0
2011-08-22,109.0,0.0,20.4,116.0,0.0,45.79999923706055,0.0
2011-08-23,98.8000030517578,0.0,19.1,112.0,0.0,49.59999847412109,0.0
2011-08-24,93.8000030517578,0.0,18.5,87.5999984741211,0.0,51.59999847412109,0.0
2011-08-25,92.6999969482422,0.0,18.3,98.8000030517578,0.6,51.29999923706055,0.2
2011-08-26,94.3000030517578,0.0,17.0,99.0999984741211,0.0,50.400001525878906,0.2
2011-08-27,94.8000030517578,0.0,18.4,94.0999984741211,0.0,48.70000076293945,0.0
2011-08-28,95.4000015258789,0.0,18.8,104.0,0.0,47.20000076293945,0.0
2011-08-29,97.5,0.0,19.9,105.0,0.0,45.70000076293945,0.0
2011-08-30,101.0,2.6,15.0,101.0,5.9,45.400001525878906,7.4
2011-08-31,104.0,13.6,8.7,106.0,13.5,45.900001525878906,14.5
2011-09-01,96.5999984741211,3.0,9.3,108.0,3.4,43.5,2.0
2011-09-02,93.1999969482422,5.0,10.6,104.0,5.4,40.20000076293945,3.2
2011-09-03,96.3000030517578,0.3,9.4,111.0,1.1,37.400001525878906,0.4
2011-09-04,97.0999984741211,0.0,12.9,109.0,0.0,34.900001525878906,0.0
2011-09-05,96.4000015258789,0.0,15.8,106.0,0.0,33.70000076293945,0.0
2011-09-06,95.6999969482422,0.0,16.7,103.0,0.0,32.70000076293945,0.0
2011-09-07,94.0999984741211,0.0,17.4,100.0,0.0,32.20000076293945,0.0
2011-09-08,92.1999969482422,0.0,17.3,91.4000015258789,0.0,32.0,0.0
2011-09-09,88.19999694824219,0.0,17.7,90.6999969482422,0.0,32.0,0.0
2011-09-10,83.69999694824219,0.0,17.3,86.5,0.0,32.099998474121094,0.0
2011-09-11,84.80000305175781,0.0,16.6,86.4000015258789,0.0,32.099998474121094,0.0
2011-09-12,89.80000305175781,0.0,12.0,79.0999984741211,0.0,32.79999923706055,1.1
2011-09-13,87.9000015258789,2.3,10.3,74.30000305175781,1.8,33.099998474121094,1.5
2011-09-14,90.0999984741211,0.2,10.4,83.0,0.3,32.70000076293945,1.1
2011-09-15,89.0999984741211,0.0,13.2,89.0,0.0,32.599998474121094,0.0
2011-09-16,88.69999694824219,0.0,14.6,86.5999984741211,0.0,34.0,0.0
2011-09-17,83.9000015258789,0.0,11.4,72.30000305175781,0.5,33.400001525878906,0.3
2011-09-18,80.0,0.0,10.1,72.0,0.0,31.600000381469727,0.2
2011-09-19,83.9000015258789,6.8,10.5,82.4000015258789,6.7,32.70000076293945,8.5
2011-09-20,82.5999984741211,0.0,9.8,82.5999984741211,0.0,33.400001525878906,0.0
2011-09-21,80.0999984741211,0.0,11.8,82.5,0.0,30.600000381469727,0.0
2011-09-22,81.5,0.2,15.6,81.69999694824219,0.0,29.100000381469727,0.0
2011-09-23,79.5999984741211,0.0,19.3,82.4000015258789,0.0,29.200000762939453,0.0
2011-09-24,81.19999694824219,0.0,19.1,81.9000015258789,0.0,32.400001525878906,0.0
2011-09-25,78.19999694824219,0.0,20.2,80.4000015258789,0.0,34.20000076293945,0.0
2011-09-26,79.80000305175781,0.0,16.0,81.5,0.0,35.70000076293945,0.0
2011-09-27,80.4000015258789,0.0,14.3,81.4000015258789,0.0,36.70000076293945,4.1
2011-09-28,79.80000305175781,0.0,10.9,82.0,0.0,37.900001525878906,0.5
2011-09-29,80.0999984741211,0.0,9.0,81.5999984741211,0.0,34.20000076293945,0.0
2011-09-30,79.5999984741211,0.0,13.1,83.19999694824219,0.0,31.799999237060547,0.0
2011-10-01,75.9000015258789,2.5,10.2,78.0,1.2,30.399999618530277,0.8
2011-10-02,74.80000305175781,0.0,7.9,76.5,0.0,39.900001525878906,3.5
2011-10-03,74.5,0.0,9.5,78.0999984741211,0.0,45.20000076293945,0.2
2011-10-04,75.19999694824219,0.0,12.4,77.30000305175781,0.6,41.59999847412109,1.1
2011-10-05,75.0999984741211,0.1,8.9,78.9000015258789,0.0,39.400001525878906,0.5
2011-10-06,85.0999984741211,21.5,6.5,84.5,17.9,38.0,18.9
2011-10-07,87.69999694824219,1.4,6.7,86.0,1.9,37.09999847412109,10.1
2011-10-08,81.30000305175781,0.0,6.0,83.69999694824219,0.0,36.20000076293945,0.6
2011-10-09,79.5,0.0,7.0,83.4000015258789,0.0,34.0,0.0
2011-10-10,77.9000015258789,0.0,6.6,83.69999694824219,0.0,32.400001525878906,0.0
2011-10-11,80.19999694824219,0.8,7.5,83.69999694824219,0.5,31.299999237060547,0.1
2011-10-12,76.80000305175781,0.0,8.1,76.5,0.5,30.899999618530277,0.1
2011-10-13,75.4000015258789,0.0,5.1,77.69999694824219,0.0,30.399999618530277,0.0
2011-10-14,73.5999984741211,0.0,3.0,79.0,0.0,29.100000381469727,0.0
2011-10-15,75.69999694824219,0.0,2.7,78.4000015258789,0.0,28.0,0.0
2011-10-16,76.5999984741211,0.0,1.6,76.5999984741211,0.0,26.600000381469727,0.0
2011-10-17,75.30000305175781,0.0,3.2,76.5999984741211,0.0,25.600000381469727,0.0
2011-10-18,74.5999984741211,0.0,5.7,76.0999984741211,0.0,25.100000381469727,0.0
2011-10-19,75.30000305175781,0.0,7.1,75.9000015258789,0.0,24.399999618530277,0.0
2011-10-20,71.0999984741211,0.2,6.5,76.0,0.2,24.0,2.2
2011-10-21,72.0999984741211,0.5,2.2,71.0999984741211,3.1,23.899999618530277,2.5
2011-10-22,69.80000305175781,0.1,5.3,67.5,0.0,23.399999618530277,0.0
2011-10-23,68.0,0.0,5.4,67.0999984741211,0.0,23.600000381469727,2.2
2011-10-24,68.5999984741211,0.0,1.5,68.19999694824219,0.0,23.0,0.3
2011-10-25,68.0,0.0,1.3,65.19999694824219,0.0,22.0,0.0
2011-10-26,64.9000015258789,0.0,0.4,67.5999984741211,0.0,20.700000762939453,0.0
2011-10-27,62.70000076293945,0.0,2.4,63.29999923706055,0.0,21.0,0.0
2011-10-28,60.70000076293945,0.0,0.6,54.0,0.0,19.700000762939453,0.0
2011-10-29,50.70000076293945,0.0,3.3,43.79999923706055,0.0,20.5,0.5
2011-10-30,46.29999923706055,0.0,2.8,44.400001525878906,0.0,20.0,0.1
2011-10-31,47.70000076293945,1.5,3.1,44.5,2.0,20.100000381469727,5.3
2012-03-01,55.29999923706055,0.0,-7.7,49.20000076293945,0.0,7.559999942779541,0.0
2012-03-02,54.29999923706055,0.0,-7.8,52.70000076293945,0.0,8.010000228881836,0.0
2012-03-03,59.29999923706055,0.0,-1.7,54.400001525878906,0.1,8.210000038146973,0.2
2012-03-04,59.900001525878906,2.8,-0.1,55.5,2.4,8.199999809265137,1.2
2012-03-05,61.20000076293945,2.1,-2.2,55.400001525878906,5.1,8.199999809265137,15.6
2012-03-06,61.29999923706055,9.0,-5.9,55.5,10.0,7.909999847412109,8.2
2012-03-07,61.400001525878906,0.0,-10.1,59.400001525878906,0.0,7.840000152587891,0.0
2012-03-08,61.09999847412109,0.0,-1.4,56.900001525878906,0.0,7.960000038146973,0.0
2012-03-09,60.09999847412109,0.0,2.7,56.400001525878906,0.0,8.029999732971191,0.0
2012-03-10,61.20000076293945,0.0,3.4,57.09999847412109,0.0,8.0,1.1
2012-03-11,61.09999847412109,0.2,1.1,54.400001525878906,0.0,7.960000038146973,0.5
2012-03-12,58.400001525878906,0.0,1.0,52.09999847412109,0.0,7.929999828338623,1.1
2012-03-13,55.59999847412109,0.2,4.8,52.20000076293945,0.8,7.880000114440918,9.9
2012-03-14,55.59999847412109,0.0,-0.4,50.5,0.0,7.880000114440918,0.0
2012-03-15,58.29999923706055,0.0,1.7,57.900001525878906,0.0,7.960000038146973,1.3
2012-03-16,61.0,0.1,5.4,58.70000076293945,0.2,8.100000381469727,6.1
2012-03-17,61.79999923706055,1.4,0.8,54.900001525878906,0.7,8.220000267028809,2.5
2012-03-18,60.400001525878906,0.1,0.3,54.900001525878906,0.0,8.3100004196167,0.0
2012-03-19,56.59999847412109,0.0,0.3,51.900001525878906,0.0,8.350000381469727,0.1
2012-03-20,53.70000076293945,0.0,-0.4,51.900001525878906,0.0,8.369999885559082,1.6
2012-03-21,51.59999847412109,0.0,0.9,51.400001525878906,0.0,8.359999656677246,0.1
2012-03-22,52.70000076293945,3.5,-0.7,51.09999847412109,3.5,8.359999656677246,5.4
2012-03-23,52.79999923706055,0.8,-2.3,45.900001525878906,0.6,8.380000114440918,1.0
2012-03-24,52.20000076293945,0.0,-2.7,47.400001525878906,0.0,8.579999923706055,0.0
2012-03-25,50.59999847412109,0.0,-0.1,47.09999847412109,0.0,8.630000114440918,0.0
2012-03-26,50.59999847412109,2.8,0.6,47.20000076293945,2.9,8.65999984741211,1.8
2012-03-27,52.20000076293945,1.3,2.0,47.29999923706055,2.9,8.619999885559082,2.8
2012-03-28,51.29999923706055,0.0,4.7,46.5,0.1,8.65999984741211,0.0
2012-03-29,52.900001525878906,0.0,4.3,46.09999847412109,0.0,8.670000076293945,0.3
2012-03-30,53.59999847412109,0.0,6.5,47.5,0.4,8.649999618530273,5.6
2012-03-31,54.900001525878906,0.0,3.9,53.20000076293945,0.3,8.529999732971191,1.2
2012-04-01,53.59999847412109,1.6,4.6,54.400001525878906,1.0,8.600000381469727,2.9
2012-04-02,55.5,0.7,2.9,58.70000076293945,0.5,8.630000114440918,0.3
2012-04-03,58.09999847412109,0.0,5.1,60.29999923706055,0.0,8.510000228881836,0.0
2012-04-04,61.400001525878906,0.4,4.1,60.09999847412109,1.7,8.579999923706055,8.2
2012-04-05,61.70000076293945,3.8,1.2,60.0,5.8,8.510000228881836,7.0
2012-04-06,59.59999847412109,0.2,-0.4,59.5,1.1,8.369999885559082,1.1
2012-04-07,56.29999923706055,0.0,0.6,58.400001525878906,0.0,8.270000457763672,0.4
2012-04-08,55.5,0.0,2.3,57.79999923706055,0.0,8.130000114440918,0.0
2012-04-09,55.400001525878906,0.0,1.5,59.59999847412109,0.0,8.289999961853027,0.0
2012-04-10,58.20000076293945,0.0,3.7,59.70000076293945,0.0,8.529999732971191,0.0
2012-04-11,58.900001525878906,0.0,6.6,62.0,0.0,8.960000038146973,0.0
2012-04-12,63.29999923706055,12.3,5.3,57.70000076293945,10.1,9.899999618530272,11.5
2012-04-13,63.20000076293945,9.4,2.7,56.5,12.1,10.600000381469728,14.6
2012-04-14,63.400001525878906,2.0,1.2,59.5,5.0,10.5,8.9
2012-04-15,64.69999694824219,0.0,-2.6,65.69999694824219,0.0,10.199999809265137,1.9
2012-04-16,65.69999694824219,0.0,-0.4,62.900001525878906,0.0,9.949999809265137,0.0
2012-04-17,62.59999847412109,0.9,2.7,59.20000076293945,1.5,10.0,1.5
2012-04-18,59.79999923706055,0.3,2.7,58.29999923706055,0.6,10.300000190734863,3.1
2012-04-19,59.900001525878906,0.2,4.1,62.5,0.3,10.300000190734863,0.2
2012-04-20,64.0999984741211,0.0,7.9,68.5999984741211,0.0,10.399999618530272,1.9
2012-04-21,72.30000305175781,0.0,6.4,68.80000305175781,0.0,10.699999809265137,0.0
2012-04-22,73.0999984741211,0.0,9.6,68.0999984741211,0.0,11.100000381469728,0.0
2012-04-23,72.19999694824219,0.0,13.0,67.5,0.0,12.0,0.0
2012-04-24,73.0,1.5,12.2,68.4000015258789,0.0,15.100000381469728,1.7
2012-04-25,73.0,0.7,10.2,67.9000015258789,2.0,18.799999237060547,1.7
2012-04-26,78.0,2.3,8.4,72.0,2.4,21.399999618530277,4.2
2012-04-27,84.5,14.8,5.8,81.19999694824219,15.6,23.0,3.5
2012-04-28,90.3000030517578,0.5,6.5,89.5999984741211,0.2,23.799999237060547,0.0
2012-04-29,92.4000015258789,0.9,7.6,96.3000030517578,0.0,24.100000381469727,0.8
2012-04-30,90.4000015258789,1.6,6.5,80.9000015258789,0.4,24.0,3.1
2012-05-01,84.9000015258789,21.2,4.9,77.9000015258789,19.2,24.200000762939453,6.1
2012-05-02,76.80000305175781,6.9,3.8,74.80000305175781,7.5,23.799999237060547,15.1
2012-05-03,82.69999694824219,1.1,4.7,81.5999984741211,0.2,23.399999618530277,3.0
2012-05-04,84.80000305175781,0.1,6.4,80.30000305175781,0.2,22.700000762939453,0.6
2012-05-05,92.5999984741211,14.9,5.4,88.4000015258789,7.1,22.600000381469727,10.6
2012-05-06,89.30000305175781,0.4,5.8,88.30000305175781,0.0,21.899999618530277,2.3
2012-05-07,89.0999984741211,0.0,8.0,89.19999694824219,0.0,21.899999618530277,0.0
2012-05-08,87.69999694824219,0.0,12.4,86.69999694824219,0.0,23.5,0.0
2012-05-09,89.5999984741211,5.4,11.7,86.5,2.4,29.299999237060547,0.0
2012-05-10,87.5999984741211,3.3,4.4,86.30000305175781,2.6,31.799999237060547,4.2
2012-05-11,83.69999694824219,0.0,5.0,86.5,0.0,29.5,0.0
2012-05-12,87.5999984741211,0.0,8.9,85.19999694824219,0.0,27.799999237060547,0.0
2012-05-13,86.80000305175781,0.0,13.2,90.0999984741211,0.0,28.700000762939453,0.0
2012-05-14,87.5,0.0,14.0,90.4000015258789,0.0,34.400001525878906,0.0
2012-05-15,87.80000305175781,0.0,15.7,89.0999984741211,0.0,43.900001525878906,0.0
2012-05-16,89.0999984741211,0.0,16.4,90.4000015258789,0.0,59.0,0.0
2012-05-17,98.3000030517578,1.4,9.2,109.0,1.1,66.19999694824219,6.6
2012-05-18,109.0,6.9,6.6,114.0,2.8,61.5,1.9
2012-05-19,119.0,0.0,6.6,130.0,0.5,53.900001525878906,0.0
2012-05-20,124.0,0.0,9.7,116.0,0.0,48.59999847412109,0.0
2012-05-21,124.0,0.0,12.4,111.0,0.0,46.09999847412109,0.0
2012-05-22,130.0,3.8,13.2,109.0,5.0,52.29999923706055,4.0
2012-05-23,130.0,3.3,8.9,108.0,5.0,65.0999984741211,0.4
2012-05-24,130.0,5.4,4.7,109.0,6.8,63.5,6.4
2012-05-25,131.0,0.5,7.1,111.0,2.0,57.70000076293945,4.1
2012-05-26,131.0,0.2,8.1,111.0,2.1,53.0,2.0
2012-05-27,132.0,0.9,7.4,112.0,0.0,51.900001525878906,0.0
2012-05-28,134.0,0.0,7.8,113.0,0.0,55.400001525878906,0.0
2012-05-29,129.0,1.3,10.9,112.0,2.5,63.5,0.5
2012-05-30,128.0,0.6,10.2,108.0,1.1,68.30000305175781,0.0
2012-05-31,126.0,0.0,12.1,113.0,0.0,65.30000305175781,1.4
2012-06-01,126.0,0.1,13.4,110.0,0.0,65.4000015258789,0.0
2012-06-02,110.0,9.3,13.6,87.0,7.0,73.5999984741211,2.2
2012-06-03,105.0,1.0,11.5,86.69999694824219,1.4,85.9000015258789,0.1
2012-06-04,101.0,0.0,13.6,90.3000030517578,0.0,83.5999984741211,1.1
2012-06-05,114.0,9.0,14.3,98.0,12.2,109.0,5.6
2012-06-06,180.0,30.5,13.4,193.0,43.6,239.0,56.7
2012-06-07,386.0,0.0,10.4,404.0,0.0,332.0,2.5
2012-06-08,391.0,2.3,12.0,400.0,1.3,275.0,3.8
2012-06-09,410.0,14.0,8.7,445.0,17.1,205.0,24.1
2012-06-10,436.0,22.7,10.2,468.0,19.0,172.0,4.8
2012-06-11,389.0,0.0,13.3,393.0,2.0,149.0,0.0
2012-06-12,327.0,0.0,15.6,312.0,0.0,154.0,0.1
2012-06-13,278.0,7.7,14.2,277.0,8.4,160.0,3.6
2012-06-14,267.0,1.0,12.2,274.0,4.7,169.0,3.2
2012-06-15,268.0,7.5,10.4,258.0,9.0,161.0,8.2
2012-06-16,262.0,0.0,12.9,251.0,0.0,147.0,0.0
2012-06-17,247.0,1.4,15.6,252.0,1.4,152.0,0.0
2012-06-18,243.0,6.1,11.7,253.0,4.8,176.0,11.3
2012-06-19,246.0,2.0,11.7,274.0,4.0,173.0,6.9
2012-06-20,274.0,0.4,12.1,283.0,3.1,168.0,6.3
2012-06-21,276.0,0.0,13.6,285.0,0.0,165.0,4.6
2012-06-22,276.0,0.3,15.4,286.0,0.1,172.0,4.0
2012-06-23,280.0,1.4,15.6,288.0,1.7,195.0,4.2
2012-06-24,337.0,16.1,13.8,360.0,17.8,236.0,16.9
2012-06-25,442.0,0.4,15.4,440.0,3.6,258.0,2.4
2012-06-26,424.0,6.4,13.6,431.0,5.2,242.0,5.6
2012-06-27,419.0,18.3,12.3,423.0,10.2,218.0,9.4
2012-06-28,426.0,0.0,14.4,424.0,0.0,189.0,0.0
2012-06-29,391.0,1.9,17.0,397.0,1.6,178.0,1.3
2012-06-30,342.0,0.0,16.8,358.0,0.0,182.0,0.6
2012-07-01,318.0,0.1,17.9,338.0,0.4,189.0,4.5
2012-07-02,316.0,2.5,16.6,340.0,1.3,195.0,0.9
2012-07-03,315.0,8.1,15.6,341.0,3.9,187.0,4.1
2012-07-04,314.0,0.2,14.6,342.0,0.1,179.0,0.6
2012-07-05,309.0,0.1,14.2,330.0,1.0,158.0,0.7
2012-07-06,286.0,0.4,15.8,310.0,3.0,146.0,0.2
2012-07-07,277.0,0.0,17.9,310.0,0.0,143.0,0.0
2012-07-08,279.0,0.0,20.7,306.0,0.0,152.0,0.0
2012-07-09,274.0,0.6,22.2,294.0,1.4,167.0,0.5
2012-07-10,259.0,0.4,22.7,277.0,0.0,182.0,0.0
2012-07-11,246.0,0.0,21.6,279.0,0.0,192.0,0.3
2012-07-12,255.0,1.0,21.4,299.0,0.8,190.0,0.6
2012-07-13,290.0,4.4,19.3,338.0,6.1,189.0,8.4
2012-07-14,313.0,1.7,19.8,349.0,0.6,186.0,4.0
2012-07-15,319.0,11.3,17.0,348.0,9.1,204.0,4.2
2012-07-16,321.0,4.7,16.5,366.0,3.8,200.0,6.7
2012-07-17,339.0,0.0,18.7,377.0,0.1,181.0,1.3
2012-07-18,318.0,0.0,20.7,348.0,1.0,175.0,0.7
2012-07-19,286.0,0.1,19.3,321.0,0.4,170.0,0.0
2012-07-20,278.0,0.8,19.1,313.0,2.4,161.0,5.0
2012-07-21,277.0,3.6,18.3,309.0,1.2,168.0,1.7
2012-07-22,268.0,0.0,19.0,309.0,0.0,164.0,0.0
2012-07-23,269.0,1.7,18.7,309.0,3.4,144.0,3.0
2012-07-24,272.0,0.6,16.0,306.0,1.1,135.0,6.8
2012-07-25,261.0,0.0,17.2,287.0,0.0,120.0,3.0
2012-07-26,223.0,0.0,17.2,256.0,1.1,116.0,13.6
2012-07-27,205.0,2.4,18.2,233.0,3.2,112.0,0.9
2012-07-28,204.0,0.0,19.7,235.0,1.2,108.0,0.4
2012-07-29,204.0,0.0,18.7,236.0,0.0,104.0,0.0
2012-07-30,209.0,1.0,20.0,242.0,0.9,99.8000030517578,2.0
2012-07-31,212.0,0.6,19.0,237.0,1.2,98.6999969482422,2.3
2012-08-01,205.0,4.7,16.6,239.0,5.4,98.5,2.9
2012-08-02,202.0,2.4,15.9,234.0,1.9,94.5999984741211,8.9
2012-08-03,190.0,5.4,12.7,203.0,7.4,92.9000015258789,4.0
2012-08-04,170.0,0.0,17.8,198.0,0.0,84.9000015258789,0.3
2012-08-05,169.0,0.0,20.7,189.0,0.0,83.19999694824219,1.0
2012-08-06,153.0,0.0,21.9,184.0,0.0,86.5999984741211,0.2
2012-08-07,163.0,0.1,21.9,186.0,0.0,90.3000030517578,0.5
2012-08-08,166.0,0.0,20.9,185.0,1.0,91.3000030517578,0.6
2012-08-09,166.0,0.0,20.6,194.0,0.4,87.0,3.5
2012-08-10,165.0,0.0,19.9,191.0,0.1,81.0999984741211,0.1
2012-08-11,166.0,0.7,17.0,193.0,1.3,76.0,7.7
2012-08-12,167.0,1.4,16.7,189.0,0.2,71.19999694824219,4.6
2012-08-13,161.0,0.0,18.7,182.0,0.0,67.30000305175781,0.0
2012-08-14,154.0,5.2,18.8,169.0,13.1,65.19999694824219,4.0
2012-08-15,126.0,7.2,11.8,154.0,2.4,67.19999694824219,4.1
2012-08-16,125.0,0.0,14.1,151.0,0.0,62.29999923706055,0.0
2012-08-17,127.0,0.0,17.1,150.0,0.0,58.400001525878906,0.0
2012-08-18,128.0,0.0,19.0,135.0,0.0,56.0,0.0
2012-08-19,121.0,0.0,19.7,129.0,0.0,55.09999847412109,0.0
2012-08-20,108.0,0.0,20.9,120.0,0.0,56.09999847412109,0.7
2012-08-21,97.0,0.9,20.6,117.0,0.9,56.70000076293945,0.1
2012-08-22,98.8000030517578,0.0,18.5,117.0,0.0,55.900001525878906,0.3
2012-08-23,98.5999984741211,0.2,18.5,116.0,1.1,54.29999923706055,0.7
2012-08-24,108.0,3.3,12.9,118.0,2.3,53.20000076293945,11.2
2012-08-25,106.0,0.0,12.2,118.0,0.2,48.79999923706055,0.3
2012-08-26,106.0,0.0,14.2,113.0,0.0,44.900001525878906,0.0
2012-08-27,101.0,0.0,17.5,112.0,0.7,42.59999847412109,0.2
2012-08-28,105.0,0.0,21.0,122.0,0.0,41.59999847412109,0.3
2012-08-29,107.0,2.6,17.7,120.0,3.6,43.70000076293945,2.6
2012-08-30,103.0,0.0,14.8,109.0,0.0,42.59999847412109,0.0
2012-08-31,102.0,0.0,14.1,129.0,0.0,39.70000076293945,0.0
2012-09-01,110.0,1.3,13.7,127.0,1.0,38.09999847412109,1.3
2012-09-02,105.0,0.0,13.9,111.0,0.0,37.59999847412109,0.4
2012-09-03,108.0,0.0,14.1,123.0,0.0,35.29999923706055,0.0
2012-09-04,101.0,0.5,13.1,109.0,1.2,33.5,0.0
2012-09-05,84.80000305175781,2.3,11.8,92.0999984741211,4.0,32.29999923706055,4.8
2012-09-06,80.30000305175781,0.1,11.7,87.80000305175781,0.0,32.0,1.1
2012-09-07,80.4000015258789,0.0,14.0,88.4000015258789,0.0,30.700000762939453,0.0
2012-09-08,80.9000015258789,0.0,16.3,87.19999694824219,0.0,29.899999618530277,0.0
2012-09-09,76.0999984741211,0.4,17.8,79.19999694824219,0.9,30.200000762939453,0.8
2012-09-10,67.0,2.4,14.3,64.5999984741211,1.9,31.799999237060547,2.3
2012-09-11,59.20000076293945,0.0,9.2,61.79999923706055,0.0,32.400001525878906,0.3
2012-09-12,61.0,0.0,9.0,63.900001525878906,0.0,30.299999237060547,0.0
2012-09-13,59.70000076293945,0.0,13.9,62.20000076293945,0.0,28.899999618530277,0.0
2012-09-14,58.79999923706055,0.0,15.9,60.79999923706055,0.0,27.899999618530277,0.0
2012-09-15,58.29999923706055,0.0,14.9,61.70000076293945,0.0,27.299999237060547,0.0
2012-09-16,60.0,0.0,12.3,60.79999923706055,0.0,27.0,0.0
2012-09-17,59.0,0.0,13.0,60.70000076293945,0.0,26.600000381469727,0.0
2012-09-18,57.59999847412109,0.0,16.2,60.400001525878906,0.0,26.100000381469727,0.0
2012-09-19,57.29999923706055,0.0,13.8,60.29999923706055,0.0,25.799999237060547,0.0
2012-09-20,59.29999923706055,0.0,15.5,55.79999923706055,0.0,25.700000762939453,0.0
2012-09-21,58.09999847412109,0.0,16.1,64.0,0.0,26.0,0.0
2012-09-22,61.20000076293945,0.0,16.8,67.9000015258789,0.0,26.399999618530277,0.0
2012-09-23,63.400001525878906,0.0,16.9,68.30000305175781,0.0,26.700000762939453,0.0
2012-09-24,58.900001525878906,0.0,16.4,60.5,0.0,27.0,0.0
2012-09-25,56.70000076293945,0.0,14.5,58.400001525878906,0.3,27.600000381469727,2.5
2012-09-26,55.900001525878906,3.0,11.8,62.79999923706055,2.4,29.200000762939453,4.5
2012-09-27,59.400001525878906,0.0,12.1,62.09999847412109,0.0,28.0,0.0
2012-09-28,58.5,0.0,14.8,59.400001525878906,0.0,27.0,0.0
2012-09-29,58.400001525878906,0.0,15.4,59.09999847412109,0.0,26.799999237060547,0.1
2012-09-30,57.400001525878906,0.0,13.2,58.5,0.2,27.100000381469727,0.0
2012-10-01,54.79999923706055,0.0,13.1,59.900001525878906,0.0,26.100000381469727,0.0
2012-10-02,57.70000076293945,10.5,8.5,57.29999923706055,14.0,28.600000381469727,8.7
2012-10-03,57.400001525878906,4.1,2.4,58.400001525878906,5.4,29.100000381469727,4.7
2012-10-04,58.79999923706055,0.0,1.5,58.59999847412109,0.0,26.700000762939453,0.0
2012-10-05,57.59999847412109,0.0,1.5,59.20000076293945,0.0,25.100000381469727,0.0
2012-10-06,58.20000076293945,0.0,6.6,58.29999923706055,0.0,24.100000381469727,0.0
2012-10-07,56.5,0.0,8.7,57.59999847412109,0.0,23.399999618530277,0.0
2012-10-08,53.900001525878906,1.0,8.4,54.20000076293945,1.7,23.100000381469727,7.4
2012-10-09,54.20000076293945,0.0,6.2,52.0,0.2,22.700000762939453,0.4
2012-10-10,53.29999923706055,1.1,5.4,54.400001525878906,1.9,21.899999618530277,2.7
2012-10-11,54.900001525878906,1.9,-0.2,53.400001525878906,2.3,21.5,2.5
2012-10-12,53.900001525878906,0.0,4.6,52.20000076293945,0.0,21.0,0.0
2012-10-13,54.29999923706055,0.0,8.1,53.400001525878906,0.0,20.799999237060547,0.5
2012-10-14,54.400001525878906,0.0,8.6,53.29999923706055,0.0,21.100000381469727,1.7
2012-10-15,53.20000076293945,0.0,10.3,53.09999847412109,0.0,22.5,0.0
2012-10-16,52.29999923706055,5.1,8.8,52.79999923706055,5.0,23.600000381469727,2.5
2012-10-17,52.70000076293945,0.0,4.3,53.79999923706055,0.0,23.5,0.0
2012-10-18,53.09999847412109,0.0,2.8,52.0,0.0,22.200000762939453,0.0
2012-10-19,52.900001525878906,0.0,8.7,54.09999847412109,0.0,22.200000762939453,1.4
2012-10-20,53.400001525878906,2.9,3.8,53.79999923706055,2.9,23.299999237060547,6.2
2012-10-21,51.900001525878906,1.1,-1.3,52.79999923706055,1.8,22.100000381469727,6.0
2012-10-22,52.59999847412109,1.6,-3.2,53.09999847412109,0.1,21.299999237060547,0.0
2012-10-23,42.5,10.6,-5.3,57.70000076293945,7.8,20.5,5.7
2012-10-24,55.79999923706055,0.0,-8.3,57.70000076293945,0.0,19.600000381469727,0.0
2012-10-25,55.59999847412109,0.0,-10.7,58.20000076293945,0.0,19.100000381469727,0.0
2012-10-26,59.20000076293945,0.0,-10.3,56.900001525878906,0.0,18.700000762939453,0.0
2012-10-27,54.0,0.6,-8.3,54.0,0.5,18.600000381469727,0.2
2012-10-28,53.70000076293945,0.0,-4.2,53.20000076293945,0.0,18.5,0.1
2012-10-29,51.70000076293945,0.0,-2.2,53.70000076293945,0.9,18.399999618530277,1.0
2012-10-30,53.79999923706055,0.0,-1.6,52.400001525878906,0.0,18.299999237060547,2.1
2012-10-31,54.5,1.0,-4.7,54.400001525878906,0.7,18.799999237060547,1.9
2013-03-01,62.20000076293945,0.0,1.7,55.79999923706055,0.0,8.319999694824219,1.6
2013-03-02,61.5,0.0,1.0,55.09999847412109,0.0,8.720000267028809,3.2
2013-03-03,59.29999923706055,13.9,-3.6,55.09999847412109,13.2,8.6899995803833,9.0
2013-03-04,60.79999923706055,1.9,-5.7,53.400001525878906,1.2,7.949999809265137,0.8
2013-03-05,58.20000076293945,0.0,-12.6,55.5,0.0,7.840000152587891,0.0
2013-03-06,60.0,0.1,-10.7,57.09999847412109,0.1,7.860000133514404,0.2
2013-03-07,60.0,3.7,-8.0,57.79999923706055,5.2,8.829999923706055,5.0
2013-03-08,62.79999923706055,0.0,-9.8,56.70000076293945,0.0,8.720000267028809,0.0
2013-03-09,60.20000076293945,0.0,-5.4,56.79999923706055,0.0,8.359999656677246,0.0
2013-03-10,57.29999923706055,0.0,-1.2,52.09999847412109,0.0,8.1899995803833,0.0
2013-03-11,57.20000076293945,1.0,-3.6,52.29999923706055,0.0,8.430000305175781,0.1
2013-03-12,57.29999923706055,0.0,-4.6,52.0,0.0,8.050000190734863,0.5
2013-03-13,55.59999847412109,0.0,2.5,53.59999847412109,0.0,8.489999771118164,1.3
2013-03-14,58.79999923706055,0.0,-3.4,54.0,0.0,8.569999694824219,1.8
2013-03-15,58.59999847412109,0.0,-10.1,54.0,0.0,8.829999923706055,2.3
2013-03-16,55.59999847412109,0.0,-9.6,53.0,0.0,9.109999656677246,1.0
2013-03-17,55.900001525878906,4.8,-9.8,52.0,3.8,8.510000228881836,5.5
2013-03-18,56.20000076293945,0.5,-10.2,53.0,0.9,7.650000095367432,0.5
2013-03-19,57.0,0.2,-9.1,52.20000076293945,0.2,7.519999980926514,0.0
2013-03-20,57.29999923706055,0.0,-0.6,49.400001525878906,0.0,8.930000305175781,0.0
2013-03-21,56.79999923706055,3.1,0.8,49.09999847412109,2.5,8.869999885559082,2.3
2013-03-22,55.400001525878906,0.2,-6.8,51.09999847412109,0.6,8.0600004196167,8.0
2013-03-23,57.29999923706055,0.0,-7.8,56.20000076293945,0.0,6.579999923706055,0.6
2013-03-24,56.900001525878906,0.0,-7.7,56.09999847412109,0.0,6.449999809265137,0.0
2013-03-25,54.400001525878906,0.0,-4.4,55.70000076293945,0.0,6.920000076293945,0.0
2013-03-26,53.09999847412109,0.0,-1.4,54.5,0.0,7.860000133514404,0.0
2013-03-27,53.20000076293945,0.0,0.9,55.20000076293945,0.0,8.510000228881836,0.0
2013-03-28,53.400001525878906,0.0,2.8,56.29999923706055,0.0,8.640000343322754,0.0
2013-03-29,53.09999847412109,0.0,2.5,56.400001525878906,0.0,8.739999771118164,0.0
2013-03-30,53.09999847412109,0.0,3.9,55.5,0.0,8.9399995803833,0.0
2013-03-31,52.900001525878906,0.0,3.4,55.900001525878906,0.0,9.350000381469728,0.0
2013-04-01,53.5,0.0,2.1,56.900001525878906,0.0,9.979999542236328,0.0
2013-04-02,52.09999847412109,0.0,4.8,57.0,0.0,10.300000190734863,0.0
2013-04-03,52.20000076293945,0.8,4.0,56.79999923706055,1.0,10.899999618530272,4.4
2013-04-04,53.29999923706055,0.0,1.2,57.29999923706055,0.3,11.199999809265137,1.9
2013-04-05,53.900001525878906,0.8,2.3,57.0,0.6,11.600000381469728,2.7
2013-04-06,53.79999923706055,0.5,-0.1,56.29999923706055,0.3,12.300000190734863,3.2
2013-04-07,52.70000076293945,0.5,-1.5,56.70000076293945,1.0,12.300000190734863,1.6
2013-04-08,53.900001525878906,0.9,-5.5,57.79999923706055,1.4,11.5,3.2
2013-04-09,52.0,0.0,-5.2,57.900001525878906,0.0,10.800000190734863,0.0
2013-04-10,51.79999923706055,0.0,2.5,58.400001525878906,0.0,10.699999809265137,0.6
2013-04-11,54.29999923706055,3.3,2.4,58.5,6.9,10.600000381469728,6.9
2013-04-12,52.0,0.6,0.8,58.59999847412109,1.1,10.300000190734863,6.9
2013-04-13,49.5,3.5,0.7,53.79999923706055,3.4,10.100000381469728,5.3
2013-04-14,49.20000076293945,7.6,-3.3,54.29999923706055,9.3,10.100000381469728,7.3
2013-04-15,51.20000076293945,2.9,-5.3,59.900001525878906,2.8,9.75,3.0
2013-04-16,51.900001525878906,0.1,-4.1,58.900001525878906,1.0,9.43000030517578,1.3
2013-04-17,53.79999923706055,0.0,-2.3,63.5,0.0,9.140000343322754,0.0
2013-04-18,54.20000076293945,0.5,0.2,61.0,0.4,9.25,0.0
2013-04-19,54.79999923706055,2.2,3.4,61.5,2.1,9.600000381469728,0.7
2013-04-20,52.0,1.7,2.1,59.59999847412109,5.2,9.859999656677246,6.6
2013-04-21,55.0,0.6,-2.2,58.29999923706055,0.9,9.890000343322754,6.5
2013-04-22,54.900001525878906,0.0,-0.6,63.59999847412109,0.0,9.329999923706056,0.0
2013-04-23,57.20000076293945,0.0,2.9,62.900001525878906,0.3,9.279999732971191,0.2
2013-04-24,59.29999923706055,0.7,4.1,66.0,0.4,9.449999809265137,0.0
2013-04-25,64.9000015258789,0.0,6.6,77.0999984741211,0.0,9.279999732971191,0.0
2013-04-26,62.0,0.0,10.3,62.400001525878906,0.0,9.65999984741211,0.0
2013-04-27,60.70000076293945,0.0,10.0,62.70000076293945,0.0,10.699999809265137,0.9
2013-04-28,57.79999923706055,0.0,7.7,65.69999694824219,0.3,11.600000381469728,1.7
2013-04-29,58.59999847412109,1.4,3.9,65.80000305175781,3.1,11.899999618530272,7.4
2013-04-30,59.79999923706055,0.4,-0.5,66.5999984741211,1.3,11.399999618530272,13.3
2013-05-01,59.29999923706055,0.0,1.1,70.5999984741211,0.0,10.800000190734863,2.0
2013-05-02,56.5,0.0,6.2,64.69999694824219,0.0,10.699999809265137,0.0
2013-05-03,55.70000076293945,1.1,9.8,66.0,0.9,10.800000190734863,2.8
2013-05-04,55.29999923706055,0.0,8.3,63.29999923706055,0.0,11.899999618530272,0.0
2013-05-05,52.20000076293945,0.0,11.1,58.20000076293945,0.0,14.0,0.0
2013-05-06,49.79999923706055,0.0,13.7,57.79999923706055,0.0,18.0,0.0
2013-05-07,49.400001525878906,0.0,13.0,57.29999923706055,0.7,25.399999618530277,0.3
2013-05-08,51.20000076293945,1.3,9.5,61.70000076293945,1.4,33.20000076293945,0.0
2013-05-09,53.70000076293945,0.0,12.8,61.70000076293945,0.0,42.5,0.0
2013-05-10,54.900001525878906,0.0,12.4,60.70000076293945,0.0,52.09999847412109,0.0
2013-05-11,63.20000076293945,0.0,12.0,73.80000305175781,0.0,60.900001525878906,0.0
2013-05-12,65.19999694824219,0.0,16.1,72.30000305175781,0.0,74.19999694824219,0.0
2013-05-13,65.9000015258789,0.0,14.8,76.5,0.0,96.4000015258789,0.5
2013-05-14,72.5,1.1,11.2,82.0999984741211,0.1,101.0,1.0
2013-05-15,91.3000030517578,0.0,10.3,99.6999969482422,0.4,89.19999694824219,0.0
2013-05-16,112.0,0.2,10.6,127.0,3.6,79.0999984741211,0.9
2013-05-17,119.0,0.2,9.2,133.0,0.8,71.9000015258789,1.5
2013-05-18,126.0,0.1,10.8,135.0,0.0,66.19999694824219,0.0
2013-05-19,129.0,3.7,10.6,135.0,1.1,64.5,4.6
2013-05-20,133.0,0.1,11.0,139.0,1.5,66.5999984741211,0.0
2013-05-21,133.0,0.2,12.4,136.0,0.0,70.80000305175781,0.1
2013-05-22,134.0,0.8,10.2,141.0,1.9,81.30000305175781,3.5
2013-05-23,150.0,19.2,8.6,152.0,18.7,82.30000305175781,25.9
2013-05-24,209.0,29.1,6.8,199.0,36.3,83.0999984741211,27.4
2013-05-25,209.0,14.5,6.6,195.0,15.5,80.80000305175781,9.1
2013-05-26,173.0,0.0,8.7,176.0,0.3,73.69999694824219,0.4
2013-05-27,133.0,0.0,11.8,148.0,0.0,68.80000305175781,0.1
2013-05-28,129.0,0.0,11.5,140.0,0.8,67.80000305175781,1.9
2013-05-29,130.0,4.9,10.9,143.0,4.1,71.4000015258789,1.9
2013-05-30,148.0,11.8,9.5,149.0,9.7,78.4000015258789,2.4
2013-05-31,161.0,5.0,9.5,151.0,4.5,84.5999984741211,10.9
2013-06-01,150.0,0.0,10.2,158.0,0.0,89.5,0.7
2013-06-02,160.0,4.5,9.2,160.0,3.3,87.0999984741211,1.4
2013-06-03,157.0,16.0,8.9,153.0,18.5,85.9000015258789,15.1
2013-06-04,162.0,0.4,9.9,171.0,0.2,87.9000015258789,0.3
2013-06-05,175.0,0.0,13.1,177.0,0.0,95.4000015258789,0.0
2013-06-06,175.0,0.0,13.8,173.0,0.0,109.0,0.0
2013-06-07,172.0,4.4,15.0,175.0,2.9,123.0,1.0
2013-06-08,173.0,2.3,12.7,175.0,2.1,136.0,0.5
2013-06-09,201.0,4.4,10.6,193.0,6.4,132.0,6.1
2013-06-10,195.0,2.2,9.7,195.0,2.6,123.0,0.2
2013-06-11,205.0,0.0,10.5,204.0,0.0,115.0,0.3
2013-06-12,210.0,0.5,11.8,201.0,0.7,122.0,0.8
2013-06-13,208.0,1.5,12.0,196.0,8.9,129.0,1.0
2013-06-14,206.0,5.7,10.6,201.0,4.3,123.0,1.6
2013-06-15,199.0,3.4,11.8,195.0,6.7,114.0,2.9
2013-06-16,196.0,0.1,12.3,184.0,0.6,116.0,1.1
2013-06-17,187.0,1.0,13.8,185.0,2.1,124.0,1.7
2013-06-18,181.0,0.8,14.9,185.0,0.4,133.0,1.8
2013-06-19,201.0,9.9,14.6,188.0,9.9,140.0,15.2
2013-06-20,706.0,53.2,13.1,866.0,63.6,261.0,64.7
2013-06-21,1750.0,16.8,11.0,1580.0,25.9,466.0,25.0
2013-06-22,1500.0,1.2,11.6,1420.0,2.1,405.0,1.2
2013-06-23,1010.0,4.4,13.2,1030.0,4.7,286.0,10.6
2013-06-24,764.0,0.0,13.1,761.0,0.5,229.0,3.0
2013-06-25,693.0,0.2,15.4,694.0,1.5,197.0,2.9
2013-06-26,657.0,0.7,15.9,664.0,1.2,188.0,0.2
2013-06-27,494.0,0.0,16.4,508.0,0.0,179.0,0.0
2013-06-28,401.0,0.0,17.4,432.0,0.0,165.0,0.0
2013-06-29,408.0,0.7,19.0,442.0,0.0,167.0,0.0
2013-06-30,405.0,1.8,19.4,430.0,0.7,182.0,0.7
2013-07-01,392.0,0.0,20.2,420.0,0.0,179.0,0.0
2013-07-02,388.0,0.8,23.1,418.0,0.2,184.0,0.0
2013-07-03,389.0,0.5,20.6,429.0,0.0,200.0,7.5
2013-07-04,393.0,7.5,17.8,422.0,7.8,204.0,3.7
2013-07-05,426.0,5.8,15.6,445.0,7.5,176.0,12.4
2013-07-06,411.0,14.5,13.4,428.0,12.2,153.0,10.3
2013-07-07,365.0,0.5,13.5,382.0,0.9,132.0,2.2
2013-07-08,313.0,5.7,14.3,328.0,8.0,121.0,6.0
2013-07-09,301.0,0.0,14.5,328.0,0.0,115.0,1.0
2013-07-10,286.0,0.0,18.9,301.0,0.0,106.0,1.0
2013-07-11,263.0,0.0,18.7,293.0,0.0,108.0,0.0
2013-07-12,245.0,2.5,14.3,268.0,1.9,105.0,0.0
2013-07-13,225.0,2.8,12.5,253.0,3.8,96.1999969482422,0.7
2013-07-14,228.0,0.0,13.9,251.0,2.7,85.80000305175781,0.6
2013-07-15,227.0,0.6,13.7,249.0,5.7,80.5999984741211,12.3
2013-07-16,216.0,0.0,12.7,237.0,0.0,79.0999984741211,0.6
2013-07-17,199.0,1.0,15.6,215.0,0.2,75.4000015258789,1.1
2013-07-18,190.0,0.0,18.7,212.0,0.3,75.30000305175781,2.5
2013-07-19,191.0,1.7,18.8,210.0,0.6,76.80000305175781,0.3
2013-07-20,190.0,0.7,18.6,206.0,0.8,78.5999984741211,0.3
2013-07-21,189.0,0.0,18.3,205.0,0.4,81.80000305175781,1.0
2013-07-22,182.0,0.0,18.0,195.0,2.6,85.5999984741211,6.5
2013-07-23,175.0,8.9,16.4,182.0,11.6,85.5,16.0
2013-07-24,168.0,2.4,16.6,183.0,3.4,83.5,8.0
2013-07-25,165.0,0.9,15.7,185.0,1.2,81.0999984741211,2.4
2013-07-26,161.0,0.3,16.2,182.0,1.6,80.19999694824219,7.0
2013-07-27,171.0,0.3,16.9,186.0,0.3,77.0999984741211,7.7
2013-07-28,171.0,0.2,13.7,183.0,0.7,72.69999694824219,14.3
2013-07-29,168.0,5.1,10.9,182.0,4.8,68.19999694824219,8.0
2013-07-30,167.0,0.0,10.7,182.0,0.8,64.0,1.0
2013-07-31,165.0,0.0,14.8,179.0,0.0,59.70000076293945,0.0
2013-08-01,159.0,0.4,17.1,173.0,2.0,58.0,4.4
2013-08-02,157.0,4.9,15.4,164.0,11.2,58.20000076293945,2.1
2013-08-03,159.0,0.1,14.7,159.0,0.1,57.79999923706055,0.2
2013-08-04,156.0,1.3,15.6,159.0,0.9,58.59999847412109,12.3
2013-08-05,147.0,2.6,15.0,159.0,6.9,61.400001525878906,9.7
2013-08-06,153.0,1.1,15.5,173.0,1.1,62.5,2.2
2013-08-07,159.0,6.8,15.5,177.0,4.9,65.19999694824219,8.6
2013-08-08,129.0,2.6,14.2,125.0,3.6,64.5999984741211,8.1
2013-08-09,148.0,0.5,14.3,172.0,0.9,62.79999923706055,3.7
2013-08-10,161.0,0.0,16.4,170.0,0.0,62.0,4.0
2013-08-11,150.0,0.0,18.9,154.0,0.0,62.5,2.4
2013-08-12,151.0,1.7,18.2,160.0,4.3,63.09999847412109,2.7
2013-08-13,134.0,0.9,17.4,140.0,0.7,64.19999694824219,0.4
2013-08-14,118.0,0.0,19.1,128.0,0.0,62.70000076293945,0.0
2013-08-15,114.0,0.0,19.9,123.0,0.0,61.79999923706055,0.0
2013-08-16,99.6999969482422,0.9,20.6,121.0,0.0,60.59999847412109,0.6
2013-08-17,119.0,0.0,18.9,125.0,0.0,60.79999923706055,0.1
2013-08-18,120.0,0.0,19.0,119.0,0.3,59.59999847412109,0.3
2013-08-19,106.0,0.1,18.6,113.0,0.1,58.09999847412109,0.0
2013-08-20,103.0,0.0,16.1,112.0,0.0,55.09999847412109,0.0
2013-08-21,110.0,0.0,13.8,120.0,0.0,51.400001525878906,0.0
2013-08-22,110.0,0.0,16.1,120.0,0.0,49.0,0.0
2013-08-23,109.0,0.0,17.2,118.0,0.0,46.70000076293945,1.3
2013-08-24,102.0,0.1,17.4,108.0,0.2,44.0,0.0
2013-08-25,101.0,0.0,18.6,107.0,0.2,44.59999847412109,1.5
2013-08-26,102.0,0.0,18.2,107.0,1.4,45.20000076293945,0.2
2013-08-27,102.0,0.3,17.5,109.0,0.0,45.400001525878906,0.4
2013-08-28,97.3000030517578,0.0,18.0,103.0,0.8,44.70000076293945,1.4
2013-08-29,97.4000015258789,0.0,18.9,97.0,0.0,45.20000076293945,0.0
2013-08-30,93.5,2.1,17.8,98.3000030517578,0.2,51.20000076293945,0.9
2013-08-31,92.6999969482422,0.0,15.5,97.8000030517578,0.0,52.59999847412109,0.0
2013-09-01,99.5,0.0,16.3,97.3000030517578,0.0,48.79999923706055,0.0
2013-09-02,106.0,0.0,18.3,98.6999969482422,0.0,46.400001525878906,0.0
2013-09-03,93.0999984741211,0.0,18.4,100.0,0.0,45.400001525878906,0.0
2013-09-04,88.9000015258789,0.0,19.5,89.69999694824219,0.0,44.900001525878906,0.0
2013-09-05,104.0,0.0,20.5,115.0,0.2,46.20000076293945,0.2
2013-09-06,119.0,2.3,18.4,132.0,3.0,49.0,2.7
2013-09-07,131.0,2.6,14.3,113.0,5.1,57.70000076293945,11.7
2013-09-08,112.0,0.4,15.0,108.0,1.7,53.59999847412109,9.7
2013-09-09,103.0,2.1,16.9,106.0,1.3,52.0,1.4
2013-09-10,113.0,0.0,16.6,106.0,0.0,48.20000076293945,0.0
2013-09-11,119.0,0.0,16.7,117.0,0.0,45.5,0.0
2013-09-12,124.0,0.0,17.9,111.0,0.0,44.20000076293945,0.0
2013-09-13,124.0,0.0,19.2,146.0,0.0,44.5,0.0
2013-09-14,140.0,0.0,17.6,149.0,0.0,44.59999847412109,0.0
2013-09-15,145.0,0.0,17.3,147.0,0.0,45.70000076293945,0.0
2013-09-16,143.0,0.0,18.5,136.0,0.0,45.0,0.5
2013-09-17,120.0,0.0,15.4,122.0,0.8,46.79999923706055,1.4
2013-09-18,120.0,23.0,9.8,133.0,19.3,45.0,24.9
2013-09-19,124.0,0.3,8.3,143.0,0.1,41.59999847412109,0.0
2013-09-20,125.0,0.0,11.7,142.0,0.0,37.5,0.0
2013-09-21,115.0,0.0,13.5,130.0,0.0,34.79999923706055,0.1
2013-09-22,103.0,0.1,11.7,117.0,0.1,33.29999923706055,0.2
2013-09-23,87.9000015258789,0.6,11.6,108.0,0.0,32.20000076293945,1.4
2013-09-24,87.0999984741211,0.3,8.8,108.0,0.0,31.399999618530277,0.1
2013-09-25,87.0999984741211,0.0,7.8,108.0,2.0,30.100000381469727,8.9
2013-09-26,87.4000015258789,0.0,6.0,107.0,0.0,28.700000762939453,0.8
2013-09-27,87.5,0.0,5.7,107.0,0.0,27.299999237060547,0.0
2013-09-28,87.30000305175781,0.0,6.8,107.0,0.0,26.399999618530277,0.0
2013-09-29,87.5,0.0,10.3,106.0,0.0,27.899999618530277,5.0
2013-09-30,84.4000015258789,0.2,7.5,106.0,0.5,28.399999618530277,1.9
2013-10-01,82.0999984741211,0.0,6.1,100.0,0.0,27.100000381469727,0.0
2013-10-02,71.5999984741211,0.0,3.9,88.9000015258789,0.4,25.799999237060547,0.1
2013-10-03,72.0,0.5,3.5,89.0,0.9,24.5,0.3
2013-10-04,70.69999694824219,0.0,4.0,89.0,0.0,23.600000381469727,0.0
2013-10-05,69.9000015258789,0.0,8.2,88.69999694824219,0.0,22.700000762939453,0.0
2013-10-06,68.69999694824219,0.0,10.4,86.80000305175781,0.0,22.299999237060547,0.0
2013-10-07,65.9000015258789,0.0,9.7,84.19999694824219,0.0,22.399999618530277,0.1
2013-10-08,63.70000076293945,1.7,7.6,83.5,0.9,22.5,2.4
2013-10-09,64.9000015258789,0.2,4.6,83.30000305175781,1.5,22.100000381469727,6.0
2013-10-10,69.30000305175781,2.4,6.2,83.30000305175781,3.9,21.399999618530277,2.0
2013-10-11,69.0999984741211,3.8,3.7,82.5,1.6,21.0,0.0
2013-10-12,68.5999984741211,0.0,2.6,79.80000305175781,0.0,20.399999618530277,0.0
2013-10-13,63.59999847412109,0.0,3.0,76.9000015258789,0.0,19.899999618530277,0.0
2013-10-14,62.20000076293945,0.0,3.0,77.19999694824219,0.0,19.200000762939453,0.0
2013-10-15,62.400001525878906,0.0,4.5,78.4000015258789,0.0,18.600000381469727,0.0
2013-10-16,64.69999694824219,7.2,6.0,79.0,8.4,19.100000381469727,7.5
2013-10-17,61.900001525878906,0.0,3.5,79.0999984741211,0.0,18.799999237060547,0.0
2013-10-18,64.80000305175781,0.0,4.4,76.4000015258789,0.0,18.100000381469727,0.0
2013-10-19,60.09999847412109,0.6,7.5,75.5999984741211,0.3,17.799999237060547,0.0
2013-10-20,60.20000076293945,0.1,5.5,77.9000015258789,0.0,17.5,0.0
2013-10-21,59.79999923706055,0.0,8.0,81.0,0.0,17.200000762939453,0.0
2013-10-22,60.0,0.0,7.3,79.69999694824219,0.0,17.0,0.0
2013-10-23,62.29999923706055,0.0,6.5,74.69999694824219,0.0,16.899999618530273,0.0
2013-10-24,61.5,0.0,6.8,73.5999984741211,0.0,16.600000381469727,0.0
2013-10-25,61.09999847412109,0.0,7.8,90.3000030517578,0.0,16.399999618530273,0.0
2013-10-26,62.5,0.0,6.2,65.4000015258789,0.0,16.100000381469727,0.0
2013-10-27,65.5999984741211,12.7,2.8,68.5999984741211,15.7,16.700000762939453,19.5
2013-10-28,60.20000076293945,0.8,-5.6,64.69999694824219,1.0,16.299999237060547,2.2
2013-10-29,53.29999923706055,0.0,-6.6,74.9000015258789,0.0,14.300000190734863,0.0
2013-10-30,54.79999923706055,0.0,-0.2,76.0,0.0,14.699999809265137,0.0
2013-10-31,57.900001525878906,0.0,1.3,75.5,0.2,15.600000381469728,0.0
2014-03-01,49.20000076293945,0.0,-24.8,54.0,0.0,7.769999980926514,0.0
2014-03-02,47.900001525878906,0.0,-24.5,51.20000076293945,0.0,8.210000038146973,0.0
2014-03-03,47.59999847412109,0.0,-20.5,52.5,0.0,8.739999771118164,0.0
2014-03-04,48.09999847412109,0.0,-17.2,50.79999923706055,0.0,9.210000038146973,0.2
2014-03-05,48.400001525878906,0.0,-15.6,50.400001525878906,0.2,9.350000381469728,3.7
2014-03-06,49.5,3.0,-14.8,50.09999847412109,3.5,9.3100004196167,5.7
2014-03-07,50.0,0.0,-11.8,50.5,0.0,9.06999969482422,0.3
2014-03-08,50.20000076293945,0.0,0.4,50.70000076293945,0.0,9.260000228881836,0.2
2014-03-09,52.900001525878906,0.0,3.5,49.29999923706055,0.0,9.760000228881836,5.4
2014-03-10,55.09999847412109,0.0,1.4,50.79999923706055,0.0,9.65999984741211,0.1
2014-03-11,59.59999847412109,0.0,-0.8,50.900001525878906,0.1,9.420000076293944,0.0
2014-03-12,59.70000076293945,0.0,3.3,52.900001525878906,0.0,9.0600004196167,0.0
2014-03-13,56.900001525878906,0.0,3.1,50.09999847412109,0.0,9.15999984741211,0.3
2014-03-14,62.09999847412109,0.1,1.1,50.59999847412109,0.2,8.949999809265137,0.0
2014-03-15,59.79999923706055,2.6,1.2,48.79999923706055,3.0,9.079999923706056,0.5
2014-03-16,56.59999847412109,0.1,4.5,61.59999847412109,0.3,9.199999809265137,7.0
2014-03-17,70.9000015258789,0.0,1.5,61.59999847412109,0.3,9.229999542236328,2.0
2014-03-18,65.80000305175781,0.1,0.2,58.900001525878906,2.3,9.010000228881836,0.4
2014-03-19,62.09999847412109,0.1,-0.3,65.0,0.1,8.949999809265137,0.0
2014-03-20,64.0999984741211,4.3,-1.2,61.09999847412109,4.4,8.930000305175781,3.1
2014-03-21,64.30000305175781,0.4,-8.8,66.5999984741211,1.1,8.380000114440918,3.7
2014-03-22,62.400001525878906,0.0,-11.5,66.5,0.0,7.659999847412109,0.1
2014-03-23,61.20000076293945,0.7,-7.8,66.5999984741211,0.3,8.470000267028809,1.9
2014-03-24,60.79999923706055,0.0,-9.4,66.30000305175781,0.0,8.130000114440918,0.9
2014-03-25,62.400001525878906,0.0,-6.7,63.0,0.0,8.170000076293945,0.1
2014-03-26,62.5,1.9,-6.3,64.19999694824219,3.3,8.420000076293945,5.7
2014-03-27,65.0,3.0,-8.7,63.0,2.7,7.989999771118164,2.1
2014-03-28,63.70000076293945,0.0,-8.6,61.79999923706055,0.8,8.329999923706055,0.2
2014-03-29,63.70000076293945,0.0,-4.6,61.900001525878906,0.0,8.529999732971191,0.5
2014-03-30,65.0999984741211,3.1,-6.2,63.09999847412109,2.3,8.539999961853027,2.8
2014-03-31,63.900001525878906,0.2,-10.4,63.70000076293945,0.0,8.25,0.2
2014-04-01,57.09999847412109,0.0,-8.2,61.59999847412109,0.0,8.84000015258789,0.6
2014-04-02,62.400001525878906,0.0,-3.4,53.5,0.6,9.09000015258789,0.5
2014-04-03,59.79999923706055,0.5,-2.4,53.5,1.2,9.329999923706056,0.4
2014-04-04,55.5,0.0,1.3,54.29999923706055,0.0,9.5,0.0
2014-04-05,73.5,0.0,1.6,63.400001525878906,0.1,9.59000015258789,0.0
2014-04-06,70.30000305175781,0.1,2.0,65.5,0.0,9.630000114440918,0.0
2014-04-07,67.30000305175781,0.0,2.9,66.0,0.0,9.630000114440918,0.0
2014-04-08,66.80000305175781,0.0,6.6,71.19999694824219,0.0,9.600000381469728,0.0
2014-04-09,70.0999984741211,3.2,5.3,75.4000015258789,2.8,9.520000457763672,5.8
2014-04-10,74.5999984741211,0.0,3.6,70.5999984741211,0.0,9.399999618530272,0.0
2014-04-11,73.4000015258789,2.8,4.1,68.4000015258789,3.4,9.25,0.5
2014-04-12,68.80000305175781,4.6,-0.4,67.0999984741211,5.6,9.09000015258789,5.6
2014-04-13,65.69999694824219,0.0,-1.0,65.5,0.0,8.979999542236328,0.0
2014-04-14,65.19999694824219,0.0,2.3,67.80000305175781,0.0,8.899999618530273,0.0
2014-04-15,65.0999984741211,0.6,5.5,68.80000305175781,0.6,8.819999694824219,6.5
2014-04-16,67.0,5.7,0.7,68.9000015258789,6.9,8.789999961853027,8.9
2014-04-17,65.9000015258789,0.0,1.1,67.5,0.0,8.789999961853027,2.3
2014-04-18,64.19999694824219,3.6,2.2,66.5999984741211,6.6,8.8100004196167,10.1
2014-04-19,64.30000305175781,1.1,2.2,68.5999984741211,0.7,8.859999656677246,2.6
2014-04-20,64.80000305175781,0.4,6.8,69.80000305175781,0.2,8.930000305175781,0.1
2014-04-21,65.5999984741211,0.0,6.1,68.4000015258789,0.0,9.0,0.0
2014-04-22,67.9000015258789,0.0,7.9,74.0999984741211,0.3,9.09000015258789,0.5
2014-04-23,68.5,4.1,7.4,74.9000015258789,1.6,9.1899995803833,0.2
2014-04-24,67.80000305175781,0.0,4.4,72.0,0.0,9.300000190734863,0.0
2014-04-25,68.0999984741211,5.1,4.0,70.9000015258789,6.6,9.420000076293944,4.3
2014-04-26,67.80000305175781,2.9,2.3,66.0999984741211,3.8,9.539999961853027,6.8
2014-04-27,58.900001525878906,0.1,3.6,58.0,0.0,9.619999885559082,0.3
2014-04-28,52.09999847412109,0.2,5.3,57.29999923706055,0.4,9.770000457763672,0.1
2014-04-29,50.0,0.0,6.6,42.20000076293945,0.3,9.789999961853027,0.7
2014-04-30,50.400001525878906,0.0,8.6,62.900001525878906,0.0,10.100000381469728,0.0
2014-05-01,56.09999847412109,0.0,13.0,62.20000076293945,0.0,11.5,0.0
2014-05-02,59.5,11.0,8.0,65.30000305175781,11.1,15.600000381469728,16.7
2014-05-03,59.59999847412109,9.8,0.7,62.0,12.3,18.799999237060547,21.0
2014-05-04,65.0,5.2,0.3,61.09999847412109,6.5,17.399999618530273,7.0
2014-05-05,72.4000015258789,1.3,1.2,73.4000015258789,3.5,16.700000762939453,4.1
2014-05-06,69.5999984741211,2.6,1.2,71.4000015258789,3.8,16.200000762939453,9.3
2014-05-07,69.80000305175781,0.0,2.0,71.5999984741211,0.0,15.199999809265137,0.0
2014-05-08,69.4000015258789,0.0,5.7,68.9000015258789,0.0,14.899999618530272,0.0
2014-05-09,72.0999984741211,0.8,6.6,74.4000015258789,1.4,15.0,3.8
2014-05-10,65.69999694824219,1.1,5.9,74.69999694824219,1.5,15.600000381469728,5.4
2014-05-11,70.0,0.3,3.5,71.30000305175781,0.5,15.399999618530272,2.5
2014-05-12,69.69999694824219,0.0,6.9,67.9000015258789,0.0,15.399999618530272,0.0
2014-05-13,65.80000305175781,0.0,8.7,66.69999694824219,0.1,15.699999809265137,0.0
2014-05-14,62.70000076293945,0.0,11.1,66.5999984741211,0.3,17.700000762939453,0.0
2014-05-15,65.69999694824219,1.2,11.9,76.4000015258789,4.2,22.600000381469727,1.7
2014-05-16,76.4000015258789,0.9,8.4,89.5999984741211,0.6,32.29999923706055,2.1
2014-05-17,88.4000015258789,1.0,9.1,90.1999969482422,0.8,40.59999847412109,1.3
2014-05-18,92.0,13.0,9.0,102.0,17.6,50.09999847412109,11.9
2014-05-19,101.0,2.0,9.5,113.0,3.5,58.5,1.5
2014-05-20,113.0,0.1,11.0,130.0,1.6,62.400001525878906,0.0
2014-05-21,125.0,0.0,13.3,137.0,0.0,66.5999984741211,0.0
2014-05-22,146.0,0.0,15.6,162.0,0.0,74.9000015258789,0.0
2014-05-23,170.0,0.0,16.4,172.0,0.0,95.9000015258789,0.0
2014-05-24,155.0,0.2,15.1,170.0,0.4,122.0,0.0
2014-05-25,152.0,1.8,13.2,176.0,1.3,121.0,0.6
2014-05-26,222.0,0.7,12.9,247.0,3.1,115.0,2.5
2014-05-27,271.0,1.2,11.1,273.0,0.6,115.0,0.0
2014-05-28,271.0,5.1,10.2,280.0,3.4,110.0,5.7
2014-05-29,282.0,3.4,9.7,294.0,11.0,107.0,8.1
2014-05-30,265.0,0.1,11.8,257.0,0.6,99.0,0.4
2014-05-31,207.0,0.1,13.7,213.0,1.4,96.8000030517578,0.5
2014-06-01,196.0,1.0,13.1,206.0,1.9,99.8000030517578,0.1
2014-06-02,212.0,3.1,12.9,223.0,4.2,110.0,0.7
2014-06-03,217.0,0.0,13.8,232.0,0.0,122.0,0.3
2014-06-04,226.0,0.0,15.2,235.0,0.8,137.0,0.3
2014-06-05,244.0,2.1,10.4,264.0,5.2,145.0,9.3
2014-06-06,257.0,1.6,8.2,266.0,2.7,130.0,6.7
2014-06-07,240.0,0.2,11.5,243.0,0.3,116.0,0.5
2014-06-08,215.0,0.0,13.7,219.0,0.0,109.0,0.1
2014-06-09,190.0,1.6,14.0,209.0,3.5,115.0,0.9
2014-06-10,199.0,0.3,11.3,204.0,0.7,122.0,1.0
2014-06-11,198.0,0.0,11.3,213.0,0.4,115.0,1.1
2014-06-12,201.0,0.5,13.1,210.0,0.4,112.0,0.4
2014-06-13,186.0,18.6,11.4,180.0,20.4,115.0,15.4
2014-06-14,181.0,6.8,9.9,216.0,3.1,120.0,6.0
2014-06-15,229.0,1.4,11.4,238.0,5.0,124.0,6.4
2014-06-16,235.0,11.4,10.6,240.0,13.2,131.0,9.1
2014-06-17,264.0,9.9,10.1,277.0,8.0,136.0,4.5
2014-06-18,285.0,17.4,10.6,288.0,5.1,128.0,1.5
2014-06-19,303.0,29.5,11.4,308.0,27.6,138.0,1.8
2014-06-20,318.0,1.8,14.1,328.0,1.4,159.0,4.2
2014-06-21,296.0,2.3,13.7,311.0,4.8,169.0,3.4
2014-06-22,298.0,0.0,14.0,308.0,0.0,161.0,0.2
2014-06-23,278.0,0.0,15.5,288.0,0.0,151.0,6.7
2014-06-24,266.0,1.3,16.5,272.0,1.5,152.0,1.3
2014-06-25,275.0,7.3,14.0,292.0,8.5,171.0,8.4
2014-06-26,291.0,2.0,14.3,304.0,2.1,178.0,0.4
2014-06-27,295.0,2.0,14.4,295.0,2.3,158.0,4.0
2014-06-28,268.0,0.4,15.0,275.0,0.0,158.0,2.3
2014-06-29,262.0,4.1,13.6,274.0,7.1,159.0,1.5
2014-06-30,261.0,2.9,14.2,272.0,5.6,151.0,5.7
2014-07-01,254.0,0.2,16.5,254.0,0.5,137.0,6.0
2014-07-02,217.0,0.0,18.1,222.0,0.0,137.0,0.0
2014-07-03,212.0,0.8,20.6,221.0,0.6,144.0,0.3
2014-07-04,200.0,1.0,19.9,207.0,0.5,167.0,0.3
2014-07-05,193.0,0.0,19.4,202.0,0.0,174.0,0.9
2014-07-06,192.0,0.1,18.7,201.0,1.4,144.0,0.2
2014-07-07,193.0,1.6,17.1,205.0,5.1,143.0,3.6
2014-07-08,201.0,0.0,18.3,208.0,0.0,133.0,0.0
2014-07-09,206.0,0.0,21.1,206.0,0.1,127.0,0.2
2014-07-10,203.0,2.4,19.1,208.0,2.1,125.0,0.3
2014-07-11,195.0,0.2,16.1,195.0,0.0,116.0,0.0
2014-07-12,173.0,0.0,19.2,176.0,0.0,108.0,0.0
2014-07-13,163.0,0.0,21.5,176.0,0.0,104.0,0.5
2014-07-14,157.0,0.0,20.9,168.0,0.6,104.0,4.2
2014-07-15,156.0,0.0,20.7,170.0,0.0,109.0,7.6
2014-07-16,160.0,0.0,22.4,158.0,1.6,109.0,1.2
2014-07-17,161.0,7.4,21.1,164.0,9.3,109.0,4.1
2014-07-18,148.0,1.4,17.1,163.0,0.0,106.0,0.3
2014-07-19,147.0,0.3,18.8,176.0,0.2,98.9000015258789,2.5
2014-07-20,158.0,5.4,15.9,165.0,6.9,119.0,4.3
2014-07-21,163.0,8.8,14.4,169.0,11.4,117.0,4.6
2014-07-22,166.0,0.0,16.6,179.0,0.9,105.0,3.9
2014-07-23,200.0,0.1,18.0,205.0,0.0,93.4000015258789,0.2
2014-07-24,166.0,2.6,17.3,165.0,0.2,91.9000015258789,1.5
2014-07-25,157.0,0.0,15.1,160.0,0.6,91.9000015258789,1.2
2014-07-26,135.0,0.0,15.2,145.0,0.0,83.5999984741211,0.0
2014-07-27,130.0,0.0,17.2,133.0,0.0,76.0,0.0
2014-07-28,128.0,0.0,19.6,137.0,0.0,72.30000305175781,0.1
2014-07-29,122.0,0.2,21.4,134.0,0.0,71.9000015258789,0.3
2014-07-30,123.0,1.2,22.2,144.0,0.4,72.9000015258789,0.1
2014-07-31,118.0,0.3,21.2,116.0,0.0,74.5,1.5
2014-08-01,106.0,7.2,19.6,116.0,9.3,74.80000305175781,4.5
2014-08-02,99.9000015258789,2.4,18.9,113.0,1.1,74.19999694824219,1.7
2014-08-03,103.0,0.9,19.3,111.0,2.1,74.5,9.3
2014-08-04,109.0,4.2,16.9,119.0,4.1,75.19999694824219,13.0
2014-08-05,113.0,5.0,17.9,123.0,0.8,72.30000305175781,0.0
2014-08-06,116.0,0.0,19.5,124.0,0.6,70.19999694824219,0.0
2014-08-07,116.0,0.2,19.1,123.0,6.9,69.19999694824219,2.6
2014-08-08,115.0,20.5,16.5,123.0,18.9,68.19999694824219,1.2
2014-08-09,109.0,0.8,14.6,122.0,0.0,70.0999984741211,0.7
2014-08-10,109.0,0.0,16.8,117.0,0.0,64.4000015258789,0.0
2014-08-11,106.0,0.0,19.1,119.0,0.0,62.400001525878906,0.0
2014-08-12,103.0,0.0,20.4,112.0,0.0,62.70000076293945,0.0
2014-08-13,99.8000030517578,0.0,21.9,113.0,0.0,64.0999984741211,0.2
2014-08-14,103.0,0.9,20.5,113.0,1.3,65.19999694824219,2.1
2014-08-15,103.0,9.4,18.4,111.0,7.8,66.19999694824219,4.2
2014-08-16,103.0,3.7,17.4,116.0,3.0,67.4000015258789,5.4
2014-08-17,107.0,4.1,18.3,118.0,2.6,67.5,4.7
2014-08-18,107.0,1.6,19.1,118.0,1.4,66.30000305175781,4.7
2014-08-19,102.0,9.1,18.5,118.0,4.3,66.4000015258789,5.6
2014-08-20,108.0,15.5,13.8,110.0,13.9,65.4000015258789,14.1
2014-08-21,106.0,2.5,11.1,117.0,2.0,63.09999847412109,2.2
2014-08-22,110.0,5.2,11.0,117.0,8.6,59.400001525878906,9.0
2014-08-23,110.0,1.2,10.2,117.0,2.3,55.79999923706055,1.7
2014-08-24,107.0,0.1,10.9,112.0,0.4,52.70000076293945,1.9
2014-08-25,103.0,0.0,12.6,114.0,0.0,50.5,0.3
2014-08-26,105.0,0.0,15.5,113.0,0.0,48.900001525878906,0.0
2014-08-27,104.0,0.0,18.4,113.0,0.1,49.900001525878906,0.3
2014-08-28,95.5999984741211,4.0,14.8,97.9000015258789,7.1,52.59999847412109,9.1
2014-08-29,88.5,0.8,11.1,97.3000030517578,0.1,56.59999847412109,0.3
2014-08-30,87.30000305175781,2.5,14.0,101.0,1.5,57.400001525878906,1.6
2014-08-31,83.0999984741211,0.6,11.7,85.69999694824219,0.7,55.900001525878906,1.3
2014-09-01,90.5999984741211,0.0,12.3,107.0,0.6,51.29999923706055,0.4
2014-09-02,105.0,1.0,11.5,104.0,2.1,49.70000076293945,2.8
2014-09-03,67.5999984741211,11.3,9.0,75.9000015258789,10.7,52.900001525878906,17.2
2014-09-04,97.8000030517578,1.1,9.5,112.0,0.0,49.79999923706055,0.0
2014-09-05,97.4000015258789,0.0,12.2,106.0,0.0,46.400001525878906,0.0
2014-09-06,97.0999984741211,0.0,14.7,101.0,0.0,43.900001525878906,0.0
2014-09-07,87.5999984741211,0.0,16.1,89.30000305175781,0.0,42.5,0.3
2014-09-08,79.4000015258789,15.2,8.9,81.80000305175781,20.9,48.29999923706055,18.5
2014-09-09,80.0,6.5,1.0,82.69999694824219,4.1,58.900001525878906,2.1
2014-09-10,87.30000305175781,13.6,1.0,92.5999984741211,15.9,55.20000076293945,18.7
2014-09-11,108.0,0.0,-1.0,115.0,0.0,51.29999923706055,0.1
2014-09-12,106.0,1.0,0.8,106.0,1.0,48.79999923706055,0.7
2014-09-13,97.1999969482422,0.1,5.3,105.0,0.0,46.400001525878906,0.0
2014-09-14,98.1999969482422,0.0,7.8,105.0,0.0,44.5,0.0
2014-09-15,96.0,0.0,11.0,103.0,0.0,43.400001525878906,0.0
2014-09-16,102.0,0.0,13.4,107.0,0.0,42.79999923706055,0.0
2014-09-17,98.5,0.0,14.3,101.0,0.0,42.400001525878906,0.0
2014-09-18,96.3000030517578,0.5,15.4,110.0,0.0,42.09999847412109,0.2
2014-09-19,93.9000015258789,0.0,14.6,93.4000015258789,0.9,45.09999847412109,0.0
2014-09-20,92.5999984741211,0.0,13.6,96.5999984741211,0.0,48.0,0.0
2014-09-21,94.3000030517578,0.0,15.0,96.6999969482422,0.0,47.400001525878906,0.0
2014-09-22,93.0,0.0,16.5,102.0,0.0,46.400001525878906,0.0
2014-09-23,94.8000030517578,0.5,15.3,109.0,3.1,47.70000076293945,6.1
2014-09-24,100.0,0.0,16.6,109.0,0.0,51.79999923706055,1.2
2014-09-25,99.5999984741211,0.0,16.1,109.0,0.0,57.79999923706055,0.2
2014-09-26,105.0,0.3,14.4,109.0,0.7,57.79999923706055,0.7
2014-09-27,107.0,0.0,9.4,109.0,0.9,57.400001525878906,1.5
2014-09-28,112.0,0.0,8.4,117.0,0.0,53.400001525878906,0.0
2014-09-29,96.9000015258789,0.0,10.9,92.9000015258789,0.0,49.900001525878906,0.2
2014-09-30,85.5999984741211,1.7,11.4,101.0,3.0,47.900001525878906,7.1
2014-10-01,91.5999984741211,0.0,7.8,101.0,0.0,46.29999923706055,0.8
2014-10-02,94.5,5.0,4.4,102.0,5.2,44.0,7.9
2014-10-03,89.0999984741211,0.0,3.3,102.0,0.0,41.400001525878906,0.0
2014-10-04,88.0,0.1,10.4,102.0,0.0,39.79999923706055,0.0
2014-10-05,86.4000015258789,0.0,10.4,85.30000305175781,0.0,38.900001525878906,0.0
2014-10-06,78.0,0.7,10.7,83.69999694824219,1.0,37.79999923706055,0.0
2014-10-07,83.5999984741211,0.0,10.0,92.6999969482422,0.0,38.09999847412109,0.0
2014-10-08,84.0,0.0,8.5,89.30000305175781,0.0,36.900001525878906,0.1
2014-10-09,83.5999984741211,0.0,8.4,92.1999969482422,0.0,35.900001525878906,0.0
2014-10-10,80.30000305175781,0.0,9.5,91.3000030517578,0.0,34.79999923706055,0.0
2014-10-11,71.30000305175781,0.0,10.3,78.69999694824219,1.0,34.0,0.7
2014-10-12,73.4000015258789,0.0,8.6,78.0,0.0,33.5,0.0
2014-10-13,70.4000015258789,0.0,7.7,67.69999694824219,0.0,32.20000076293945,0.0
2014-10-14,73.5,0.0,11.4,96.4000015258789,0.0,31.200000762939453,0.0
2014-10-15,77.5999984741211,1.3,6.7,85.5,2.4,31.399999618530277,3.0
2014-10-16,76.0,1.9,6.4,76.9000015258789,0.6,31.0,2.2
2014-10-17,69.30000305175781,0.0,6.0,76.30000305175781,0.0,30.200000762939453,0.2
2014-10-18,66.0999984741211,0.0,11.3,72.69999694824219,0.1,29.299999237060547,0.2
2014-10-19,69.0999984741211,0.0,8.9,75.9000015258789,0.0,28.700000762939453,0.0
2014-10-20,68.5,0.0,10.2,84.0999984741211,0.0,28.0,0.0
2014-10-21,68.9000015258789,0.0,10.2,69.30000305175781,0.0,28.200000762939453,0.5
2014-10-22,66.5999984741211,0.0,8.2,69.0,0.0,28.899999618530277,0.2
2014-10-23,63.20000076293945,0.0,9.5,65.0999984741211,0.0,29.799999237060547,1.1
2014-10-24,68.5,0.0,6.5,78.4000015258789,0.0,32.29999923706055,0.3
2014-10-25,68.80000305175781,0.0,4.2,71.0,0.0,30.100000381469727,0.2
2014-10-26,71.0999984741211,0.5,5.4,71.5,0.8,30.100000381469727,0.5
2014-10-27,82.19999694824219,1.1,1.5,77.9000015258789,1.3,30.5,0.4
2014-10-28,73.4000015258789,0.0,-0.1,80.0999984741211,0.3,28.399999618530277,0.0
2014-10-29,63.900001525878906,0.0,3.6,64.0999984741211,0.0,27.299999237060547,0.0
2014-10-30,55.900001525878906,0.0,2.1,56.70000076293945,0.0,26.799999237060547,0.0
2014-10-31,60.09999847412109,0.0,5.9,68.5,0.0,26.200000762939453,0.0
2014-11-01,64.9000015258789,5.1,2.2,70.5999984741211,4.7,27.399999618530277,5.9
2014-11-02,69.5999984741211,16.7,1.3,68.80000305175781,10.6,28.200000762939453,4.6
2014-11-03,69.69999694824219,0.0,-1.6,68.80000305175781,0.0,26.899999618530277,0.0
2014-11-04,69.0999984741211,0.0,1.4,69.5,0.2,26.700000762939453,2.2
2014-11-05,66.80000305175781,0.3,0.2,66.69999694824219,1.6,26.700000762939453,0.4
2014-11-06,66.19999694824219,0.1,2.2,65.69999694824219,0.0,26.0,1.5
2015-03-01,67.4000015258789,0.0,-6.2,45.0,0.0,7.369999885559082,0.0
2015-03-02,66.5,0.9,-4.9,46.400001525878906,1.7,8.609999656677246,2.8
2015-03-03,60.5,0.0,-12.3,42.5,0.0,7.130000114440918,0.0
2015-03-04,60.20000076293945,0.0,-9.3,41.29999923706055,0.0,6.590000152587891,0.0
2015-03-05,66.4000015258789,0.0,-2.6,50.59999847412109,0.0,7.949999809265137,0.0
2015-03-06,67.4000015258789,0.0,3.0,57.09999847412109,0.0,9.130000114440918,0.0
2015-03-07,63.0,0.0,1.0,62.20000076293945,0.0,9.380000114440918,0.0
2015-03-08,64.5999984741211,0.0,1.7,52.900001525878906,0.0,9.260000228881836,0.0
2015-03-09,66.19999694824219,0.0,5.8,52.79999923706055,0.0,9.489999771118164,0.0
2015-03-10,64.5999984741211,0.0,3.9,53.79999923706055,0.0,9.539999961853027,0.0
2015-03-11,68.19999694824219,0.0,4.7,63.70000076293945,0.0,9.539999961853027,0.0
2015-03-12,70.0,0.1,5.6,69.0999984741211,0.0,9.529999732971191,0.0
2015-03-13,70.19999694824219,0.0,5.7,54.59999847412109,0.0,9.710000038146973,0.0
2015-03-14,69.19999694824219,0.0,8.6,65.4000015258789,0.0,9.960000038146973,1.8
2015-03-15,71.4000015258789,1.2,4.7,64.30000305175781,1.7,10.0,4.2
2015-03-16,71.5999984741211,6.2,-0.9,64.4000015258789,5.7,9.829999923706056,8.2
2015-03-17,71.5999984741211,0.0,-2.8,63.5,0.0,9.510000228881836,0.0
2015-03-18,71.4000015258789,0.0,2.3,62.59999847412109,0.0,9.579999923706056,0.0
2015-03-19,71.5,0.0,3.5,61.70000076293945,0.0,9.68000030517578,0.1
2015-03-20,70.4000015258789,0.6,2.4,58.5,1.0,9.710000038146973,1.2
2015-03-21,63.29999923706055,1.0,2.1,54.900001525878906,0.8,9.859999656677246,2.9
2015-03-22,63.0,1.7,-0.4,56.0,3.2,10.100000381469728,2.5
2015-03-23,64.0,2.7,-1.6,56.59999847412109,0.7,10.100000381469728,0.8
2015-03-24,69.80000305175781,0.0,-0.9,47.79999923706055,0.0,9.8100004196167,0.3
2015-03-25,65.80000305175781,0.0,0.9,54.79999923706055,0.0,9.529999732971191,0.3
2015-03-26,60.29999923706055,0.0,5.1,51.0,0.0,9.56999969482422,0.0
2015-03-27,64.5,0.0,8.9,48.70000076293945,0.0,10.0,0.0
2015-03-28,61.79999923706055,4.6,5.7,50.09999847412109,4.9,11.100000381469728,3.6
2015-03-29,61.70000076293945,0.0,5.0,51.70000076293945,0.0,12.0,0.1
2015-03-30,65.80000305175781,0.0,5.7,60.5,0.0,11.800000190734863,0.0
2015-03-31,71.69999694824219,0.0,7.9,60.70000076293945,0.0,11.800000190734863,0.9
2015-04-01,67.69999694824219,0.0,4.3,60.70000076293945,0.6,11.600000381469728,0.0
2015-04-02,64.80000305175781,0.2,0.9,64.5,0.3,11.0,0.5
2015-04-03,64.9000015258789,0.1,0.6,64.5,0.2,10.800000190734863,0.2
2015-04-04,62.29999923706055,1.5,0.6,59.900001525878906,1.8,10.600000381469728,3.7
2015-04-05,56.79999923706055,1.4,-0.7,55.70000076293945,3.6,10.5,5.2
2015-04-06,55.29999923706055,2.3,-1.5,55.0,1.7,10.300000190734863,0.9
2015-04-07,56.5,0.3,0.7,52.59999847412109,0.4,10.100000381469728,0.1
2015-04-08,56.70000076293945,0.0,2.5,50.79999923706055,0.0,9.869999885559082,0.0
2015-04-09,55.5,0.0,4.3,56.900001525878906,0.0,9.800000190734863,0.0
2015-04-10,54.400001525878906,0.0,5.6,56.29999923706055,0.0,9.890000343322754,0.0
2015-04-11,55.09999847412109,0.9,6.0,54.5,0.0,9.960000038146973,1.1
2015-04-12,49.900001525878906,0.0,2.9,49.5,0.0,9.989999771118164,0.0
2015-04-13,49.400001525878906,0.0,1.8,48.59999847412109,0.0,9.649999618530272,0.0
2015-04-14,50.59999847412109,0.8,4.7,48.0,1.5,9.670000076293944,10.2
2015-04-15,47.20000076293945,0.2,4.3,47.09999847412109,0.4,9.529999732971191,3.3
2015-04-16,43.70000076293945,0.0,6.5,47.70000076293945,0.0,9.470000267028809,0.0
2015-04-17,48.900001525878906,0.0,8.1,48.20000076293945,0.0,9.699999809265137,0.0
2015-04-18,54.70000076293945,2.4,6.6,51.79999923706055,2.5,9.899999618530272,3.1
2015-04-19,53.59999847412109,0.0,3.5,51.5,0.0,9.960000038146973,0.0
2015-04-20,53.09999847412109,0.0,6.3,47.79999923706055,0.0,10.100000381469728,0.0
2015-04-21,54.0,0.0,9.1,53.5,0.0,10.699999809265137,0.0
2015-04-22,53.5,0.0,10.5,49.5,0.7,12.100000381469728,0.2
2015-04-23,53.70000076293945,0.0,6.8,48.09999847412109,0.0,13.300000190734863,0.0
2015-04-24,54.29999923706055,1.1,5.4,49.29999923706055,0.9,13.399999618530272,2.3
2015-04-25,62.59999847412109,1.5,3.0,59.20000076293945,0.4,13.100000381469728,1.6
2015-04-26,69.5999984741211,0.0,2.6,64.69999694824219,0.0,12.699999809265137,1.8
2015-04-27,70.80000305175781,0.0,7.3,66.5,0.0,12.5,0.0
2015-04-28,66.80000305175781,0.0,11.6,49.79999923706055,0.0,12.800000190734863,0.0
2015-04-29,60.59999847412109,1.1,11.7,52.29999923706055,2.7,15.300000190734863,2.3
2015-04-30,59.5,0.5,7.1,52.70000076293945,0.4,17.799999237060547,0.0
2015-05-01,58.20000076293945,0.0,9.5,53.29999923706055,0.0,17.600000381469727,0.2
2015-05-02,54.70000076293945,0.9,6.6,58.0,3.9,17.5,1.4
2015-05-03,57.20000076293945,0.7,5.1,49.0,0.0,16.899999618530273,0.0
2015-05-04,73.5,0.0,8.3,80.0,0.0,16.5,0.0
2015-05-05,91.9000015258789,0.0,12.3,105.0,0.4,17.0,0.4
2015-05-06,88.5,0.2,6.3,83.9000015258789,1.0,18.5,13.8
2015-05-07,86.9000015258789,0.0,4.7,84.5999984741211,0.0,18.700000762939453,1.7
2015-05-08,104.0,2.9,5.7,87.19999694824219,1.1,18.700000762939453,0.4
2015-05-09,95.5,0.0,7.6,85.0,0.0,19.100000381469727,0.0
2015-05-10,72.30000305175781,1.2,9.0,69.80000305175781,0.8,20.799999237060547,2.6
2015-05-11,68.69999694824219,0.2,7.1,65.30000305175781,1.0,22.899999618530277,1.5
2015-05-12,76.69999694824219,0.0,7.2,78.0,0.0,25.5,0.0
2015-05-13,88.4000015258789,0.0,7.5,82.0999984741211,0.0,28.200000762939453,0.0
2015-05-14,92.3000030517578,2.9,7.4,85.9000015258789,3.8,30.0,1.3
2015-05-15,92.0999984741211,0.1,8.4,86.0999984741211,0.1,30.5,1.6
2015-05-16,98.5999984741211,9.6,8.5,88.5999984741211,9.5,33.29999923706055,8.6
2015-05-17,94.5999984741211,6.5,4.4,90.5999984741211,7.5,35.599998474121094,4.0
2015-05-18,94.6999969482422,0.0,6.9,90.5,0.0,37.0,0.0
2015-05-19,100.0,0.0,8.6,89.30000305175781,0.0,41.79999923706055,0.0
2015-05-20,102.0,0.0,10.4,106.0,0.0,49.09999847412109,0.0
2015-05-21,112.0,0.0,12.3,126.0,0.0,58.79999923706055,0.0
2015-05-22,120.0,0.0,13.9,141.0,0.0,70.0,0.0
2015-05-23,140.0,0.0,15.3,151.0,0.0,80.9000015258789,0.0
2015-05-24,149.0,0.0,15.5,155.0,0.0,89.69999694824219,0.0
2015-05-25,148.0,0.0,15.5,151.0,0.6,93.3000030517578,0.2
2015-05-26,130.0,0.0,16.2,140.0,1.9,94.8000030517578,3.0
2015-05-27,137.0,1.8,15.6,150.0,0.6,105.0,3.2
2015-05-28,142.0,0.3,12.6,145.0,0.2,120.0,4.3
2015-05-29,155.0,2.1,11.0,181.0,1.5,131.0,3.2
2015-05-30,201.0,3.0,11.9,209.0,1.9,133.0,4.7
2015-05-31,194.0,0.0,15.7,201.0,0.0,133.0,2.2
2015-06-01,198.0,0.0,16.4,213.0,0.0,134.0,0.0
2015-06-02,196.0,2.2,14.6,209.0,3.1,129.0,4.8
2015-06-03,204.0,7.7,10.4,205.0,11.5,133.0,13.1
2015-06-04,200.0,6.5,12.3,201.0,3.8,136.0,3.2
2015-06-05,179.0,1.0,13.8,200.0,2.6,130.0,2.1
2015-06-06,177.0,0.0,17.3,187.0,0.0,127.0,0.0
2015-06-07,166.0,0.0,18.7,166.0,0.0,129.0,0.0
2015-06-08,160.0,0.0,22.1,167.0,0.0,136.0,0.0
2015-06-09,161.0,0.0,18.6,168.0,0.0,151.0,0.8
2015-06-10,167.0,1.1,17.4,183.0,2.7,145.0,8.3
2015-06-11,191.0,0.3,18.6,198.0,0.4,132.0,0.2
2015-06-12,202.0,7.2,14.6,199.0,7.0,121.0,10.3
2015-06-13,188.0,4.3,10.6,196.0,4.2,108.0,1.8
2015-06-14,131.0,2.9,10.2,123.0,4.4,94.0999984741211,10.4
2015-06-15,111.0,0.1,10.9,114.0,0.1,82.0999984741211,0.5
2015-06-16,101.0,0.0,14.6,105.0,0.3,74.5999984741211,0.1
2015-06-17,90.6999969482422,9.8,12.9,95.9000015258789,9.9,72.5,10.1
2015-06-18,82.9000015258789,2.3,12.0,82.69999694824219,4.0,74.0999984741211,5.0
2015-06-19,80.30000305175781,4.7,14.1,82.9000015258789,3.7,77.0999984741211,0.9
2015-06-20,79.69999694824219,0.9,13.9,86.19999694824219,1.5,80.19999694824219,0.6
2015-06-21,79.0,5.9,11.9,85.9000015258789,5.1,76.0,4.7
2015-06-22,79.80000305175781,0.0,14.0,93.8000030517578,0.0,70.69999694824219,3.4
2015-06-23,80.4000015258789,0.7,15.9,82.30000305175781,0.7,67.30000305175781,2.1
2015-06-24,79.69999694824219,0.6,15.8,80.5999984741211,0.2,66.0999984741211,4.2
2015-06-25,80.9000015258789,0.1,18.5,79.30000305175781,0.0,66.80000305175781,0.3
2015-06-26,80.80000305175781,0.0,20.9,82.0,0.0,70.30000305175781,0.2
2015-06-27,78.5,0.0,21.9,85.30000305175781,0.0,78.4000015258789,0.0
2015-06-28,80.0999984741211,0.0,23.0,87.0,0.0,81.9000015258789,0.9
2015-06-29,79.5,0.4,22.1,88.5999984741211,2.2,86.80000305175781,7.3
2015-06-30,80.0,6.3,19.1,83.0,12.6,90.9000015258789,5.0
2015-07-01,84.19999694824219,11.6,18.4,81.4000015258789,8.1,94.6999969482422,3.9
2015-07-02,82.0,0.0,19.3,85.0,0.0,90.8000030517578,4.8
2015-07-03,105.0,0.0,21.7,112.0,0.0,85.30000305175781,1.5
2015-07-04,112.0,0.8,19.0,118.0,4.2,82.69999694824219,14.4
2015-07-05,113.0,3.4,13.0,117.0,4.4,78.0,4.8
2015-07-06,105.0,0.0,14.6,108.0,0.0,71.19999694824219,0.0
2015-07-07,106.0,0.7,16.9,98.9000015258789,0.9,66.30000305175781,5.2
2015-07-08,99.1999969482422,0.0,18.4,98.6999969482422,0.2,64.5,0.1
2015-07-09,98.4000015258789,0.0,22.7,96.0,0.0,64.4000015258789,0.0
2015-07-10,94.1999969482422,0.2,22.6,89.5999984741211,0.0,66.19999694824219,5.0
2015-07-11,95.6999969482422,1.9,22.3,91.1999969482422,0.7,69.0,6.1
2015-07-12,97.3000030517578,0.4,20.8,90.6999969482422,0.2,72.19999694824219,4.5
2015-07-13,96.5,1.6,19.7,92.0999984741211,4.3,72.30000305175781,10.4
2015-07-14,96.5999984741211,1.5,17.4,93.0999984741211,4.0,69.5,0.8
2015-07-15,89.5,0.5,17.6,86.0999984741211,1.0,66.80000305175781,3.3
2015-07-16,95.1999969482422,4.2,15.4,97.5,4.2,66.0999984741211,5.2
2015-07-17,101.0,16.7,10.8,97.6999969482422,19.6,65.0,14.2
2015-07-18,96.0,0.0,16.7,97.4000015258789,0.0,62.900001525878906,0.5
2015-07-19,96.5999984741211,0.0,18.8,94.4000015258789,0.0,60.70000076293945,1.3
2015-07-20,96.0,2.0,18.6,91.5,0.0,61.09999847412109,2.3
2015-07-21,96.4000015258789,0.0,18.8,92.4000015258789,0.8,62.79999923706055,1.7
2015-07-22,87.69999694824219,8.9,16.3,82.9000015258789,20.2,62.70000076293945,5.4
2015-07-23,85.30000305175781,1.4,16.1,88.30000305175781,0.9,58.900001525878906,0.0
2015-07-24,85.0,0.0,16.8,84.80000305175781,0.5,55.400001525878906,2.7
2015-07-25,84.0999984741211,1.7,17.6,81.0999984741211,1.9,54.0,3.7
2015-07-26,84.80000305175781,5.6,14.3,82.0999984741211,6.5,59.09999847412109,2.0
2015-07-27,75.19999694824219,4.1,12.3,75.69999694824219,5.9,54.79999923706055,9.2
2015-07-28,72.80000305175781,0.3,14.5,71.0,1.0,51.0,3.5
2015-07-29,68.69999694824219,1.0,16.3,66.4000015258789,0.9,48.09999847412109,0.1
2015-07-30,69.9000015258789,0.0,17.3,74.5999984741211,0.0,48.20000076293945,0.3
2015-07-31,69.19999694824219,0.0,19.5,71.4000015258789,0.0,47.79999923706055,0.0
2015-08-01,69.5,0.0,20.0,64.80000305175781,0.0,49.20000076293945,0.0
2015-08-02,65.5999984741211,0.0,19.1,64.5999984741211,0.3,50.59999847412109,0.6
2015-08-03,59.59999847412109,0.0,20.8,60.5,0.8,51.29999923706055,0.1
2015-08-04,66.0999984741211,2.7,19.9,59.59999847412109,2.4,52.900001525878906,13.5
2015-08-05,66.4000015258789,14.6,15.1,65.4000015258789,18.6,55.5,10.6
2015-08-06,68.5999984741211,20.8,12.5,69.80000305175781,12.0,54.400001525878906,6.2
2015-08-07,67.4000015258789,0.0,14.1,77.80000305175781,1.9,51.5,0.0
2015-08-08,76.9000015258789,0.0,16.6,84.4000015258789,0.0,49.79999923706055,0.0
2015-08-09,77.0999984741211,0.0,18.9,77.69999694824219,0.0,48.59999847412109,0.6
2015-08-10,69.0,0.0,19.3,71.30000305175781,0.0,48.29999923706055,0.0
2015-08-11,64.9000015258789,0.0,20.8,69.19999694824219,0.2,48.0,0.0
2015-08-12,63.79999923706055,0.0,21.8,65.4000015258789,0.0,48.5,0.0
2015-08-13,59.59999847412109,0.0,22.8,63.29999923706055,0.0,50.0,0.2
2015-08-14,58.79999923706055,0.0,20.7,60.70000076293945,0.2,51.20000076293945,2.7
2015-08-15,73.0,14.2,14.3,72.0999984741211,22.8,57.5,28.7
2015-08-16,79.19999694824219,3.7,11.8,72.69999694824219,3.7,61.29999923706055,9.1
2015-08-17,80.0999984741211,0.5,11.8,79.30000305175781,0.5,57.0,1.8
2015-08-18,82.0999984741211,0.8,13.8,89.80000305175781,0.7,52.09999847412109,0.8
2015-08-19,78.4000015258789,0.0,16.1,69.5,0.0,49.29999923706055,0.0
2015-08-20,64.30000305175781,1.9,16.5,63.5,2.2,48.79999923706055,0.6
2015-08-21,71.19999694824219,27.0,10.6,64.69999694824219,31.8,52.0,22.5
2015-08-22,67.0999984741211,2.6,8.4,72.4000015258789,1.5,56.29999923706055,0.4
2015-08-23,68.4000015258789,0.0,12.2,79.4000015258789,0.0,49.09999847412109,0.0
2015-08-24,73.19999694824219,0.0,16.2,67.69999694824219,0.0,45.09999847412109,0.0
2015-08-25,71.5999984741211,0.0,17.1,71.0999984741211,0.0,43.09999847412109,0.0
2015-08-26,63.70000076293945,0.0,17.2,57.59999847412109,0.0,41.400001525878906,0.1
2015-08-27,61.900001525878906,0.0,17.8,70.69999694824219,0.0,40.29999923706055,0.6
2015-08-28,64.69999694824219,0.0,18.3,68.4000015258789,0.0,40.29999923706055,0.0
2015-08-29,63.29999923706055,0.0,18.4,68.0,0.0,40.5,0.7
2015-08-30,62.79999923706055,1.7,16.5,66.0999984741211,1.0,43.59999847412109,1.8
2015-08-31,59.29999923706055,0.0,14.1,58.79999923706055,0.0,43.59999847412109,0.1
2015-09-01,56.20000076293945,0.0,15.6,58.29999923706055,0.0,41.0,0.0
2015-09-02,54.900001525878906,0.6,15.8,58.59999847412109,0.1,43.29999923706055,1.7
2015-09-03,54.5,2.0,10.5,62.59999847412109,1.1,47.70000076293945,4.7
2015-09-04,55.400001525878906,20.1,7.3,61.5,14.2,43.5,6.2
2015-09-05,65.0999984741211,15.6,6.3,60.70000076293945,15.1,40.5,9.0
2015-09-06,61.79999923706055,15.0,4.9,62.5,15.7,41.09999847412109,14.7
2015-09-07,62.59999847412109,1.9,7.7,70.80000305175781,2.1,40.20000076293945,1.6
2015-09-08,69.5999984741211,0.0,9.7,69.9000015258789,0.1,38.0,0.0
2015-09-09,68.19999694824219,0.4,11.7,69.5999984741211,0.7,37.09999847412109,0.4
2015-09-10,57.900001525878906,0.0,12.5,60.59999847412109,0.0,37.09999847412109,0.0
2015-09-11,68.19999694824219,0.0,14.4,68.5999984741211,0.0,36.79999923706055,0.0
2015-09-12,69.0999984741211,0.0,17.0,76.19999694824219,0.0,37.20000076293945,0.0
2015-09-13,83.5,0.0,13.6,89.30000305175781,2.6,39.900001525878906,7.1
2015-09-14,71.5999984741211,15.8,7.4,69.19999694824219,16.8,42.20000076293945,12.2
2015-09-15,57.900001525878906,2.7,7.4,63.79999923706055,4.9,43.900001525878906,10.1
2015-09-16,59.70000076293945,0.3,7.1,59.79999923706055,1.4,42.29999923706055,0.0
2015-09-17,59.900001525878906,1.4,6.4,65.5999984741211,1.2,39.400001525878906,0.0
2015-09-18,59.400001525878906,0.0,9.4,64.69999694824219,0.0,37.0,0.2
2015-09-19,57.59999847412109,0.0,12.1,64.30000305175781,0.0,35.5,0.0
2015-09-20,57.5,0.8,14.7,63.70000076293945,0.8,37.29999923706055,0.8
2015-09-21,56.70000076293945,2.1,9.0,62.59999847412109,3.6,81.0999984741211,9.5
2015-09-22,64.80000305175781,0.0,9.2,72.69999694824219,0.0,81.5999984741211,0.0
2015-09-23,95.1999969482422,0.0,9.9,106.0,0.0,71.4000015258789,0.0
2015-09-24,110.0,0.0,10.8,114.0,0.0,62.70000076293945,0.0
2015-09-25,112.0,0.0,14.0,97.5999984741211,0.0,56.09999847412109,0.1
2015-09-26,63.70000076293945,0.4,8.3,72.69999694824219,1.9,63.0,6.5
2015-09-27,86.80000305175781,0.0,7.7,90.5999984741211,0.0,64.0999984741211,0.0
2015-09-28,84.4000015258789,0.0,7.4,86.30000305175781,0.0,57.20000076293945,0.0
2015-09-29,89.19999694824219,0.0,9.0,75.9000015258789,0.0,52.59999847412109,0.0
2015-09-30,76.0999984741211,0.0,11.2,83.0,0.0,49.20000076293945,0.0
2015-10-01,80.19999694824219,0.0,12.2,79.0999984741211,0.0,46.29999923706055,0.0
2015-10-02,81.19999694824219,0.0,12.6,90.5999984741211,1.3,43.59999847412109,0.7
2015-10-03,82.9000015258789,8.7,4.1,77.19999694824219,10.8,43.5,17.8
2015-10-04,71.30000305175781,0.0,2.7,83.5999984741211,0.0,41.09999847412109,0.0
2015-10-05,60.29999923706055,0.0,3.8,64.30000305175781,0.0,39.29999923706055,0.0
2015-10-06,68.5,0.0,6.5,89.4000015258789,0.0,37.5,0.0
2015-10-07,68.69999694824219,0.0,11.7,59.400001525878906,0.0,35.79999923706055,0.3
2015-10-08,61.70000076293945,0.0,10.6,65.4000015258789,0.0,34.599998474121094,0.0
2015-10-09,59.20000076293945,0.0,13.1,65.0,0.0,33.70000076293945,0.0
2015-10-10,66.9000015258789,0.0,15.8,62.900001525878906,0.0,33.599998474121094,0.1
2015-10-11,62.0,0.0,13.6,66.19999694824219,0.1,48.20000076293945,3.5
2015-10-12,60.29999923706055,0.0,8.9,62.09999847412109,0.0,51.20000076293945,0.5
2015-10-13,64.69999694824219,0.0,8.0,67.0,0.0,47.0,0.0
2015-10-14,71.4000015258789,0.0,6.9,70.5,0.0,43.400001525878906,0.0
2015-10-15,73.30000305175781,0.0,5.7,79.5,0.0,40.400001525878906,0.0
2015-10-16,73.0999984741211,0.0,6.3,72.5999984741211,0.0,38.20000076293945,0.0
2015-10-17,68.5,0.0,7.5,74.0999984741211,0.0,36.5,0.0
2015-10-18,68.4000015258789,0.0,10.8,71.80000305175781,0.0,35.20000076293945,0.0
2015-10-19,71.0999984741211,0.0,10.0,63.70000076293945,0.0,34.5,0.3
2015-10-20,59.09999847412109,0.0,9.4,59.29999923706055,0.3,34.20000076293945,0.8
2015-10-21,58.20000076293945,0.0,8.2,58.70000076293945,0.0,33.0,0.0
2015-10-22,58.79999923706055,0.2,10.1,62.29999923706055,0.1,31.799999237060547,0.1
2015-10-23,59.0,0.0,4.8,58.20000076293945,0.0,30.600000381469727,0.0
2015-10-24,58.29999923706055,0.0,3.0,60.900001525878906,0.0,29.600000381469727,0.0
2015-10-25,59.5,0.0,2.9,57.79999923706055,0.0,28.0,0.0
2015-10-26,57.59999847412109,0.0,3.8,62.59999847412109,0.0,27.5,0.0
2015-10-27,59.0,0.6,3.1,63.29999923706055,0.4,27.299999237060547,2.1
2015-10-28,58.20000076293945,0.0,0.6,59.09999847412109,0.0,26.299999237060547,0.0
2015-10-29,54.70000076293945,0.0,3.2,59.09999847412109,0.0,25.700000762939453,0.1
2015-10-30,55.79999923706055,0.0,3.7,67.5999984741211,0.0,25.299999237060547,2.1
2015-10-31,56.29999923706055,0.3,2.8,56.400001525878906,0.3,25.200000762939453,1.8
2015-11-01,52.29999923706055,4.3,3.2,54.70000076293945,1.5,25.399999618530277,2.6
2015-11-02,50.900001525878906,0.8,-0.2,55.900001525878906,0.0,24.899999618530277,0.0
2015-11-03,49.20000076293945,0.0,0.3,53.400001525878906,0.0,22.899999618530277,0.2
2016-03-01,46.79999923706055,0.4,-1.3,51.09999847412109,0.5,9.56999969482422,0.0
2016-03-02,48.70000076293945,1.3,0.8,52.29999923706055,1.5,9.600000381469728,1.2
2016-03-03,48.29999923706055,0.4,2.1,51.70000076293945,0.1,9.619999885559082,0.0
2016-03-04,45.5,0.0,2.5,51.59999847412109,0.0,9.460000038146973,0.0
2016-03-05,46.400001525878906,0.0,4.3,46.59999847412109,0.0,9.539999961853027,0.2
2016-03-06,44.70000076293945,0.2,2.9,55.0,0.2,9.520000457763672,1.7
2016-03-07,44.59999847412109,0.0,3.2,55.400001525878906,0.0,9.380000114440918,0.0
2016-03-08,47.09999847412109,0.0,2.0,54.900001525878906,0.0,9.460000038146973,0.0
2016-03-09,51.29999923706055,0.0,1.4,55.0,0.2,9.1899995803833,0.0
2016-03-10,52.5,0.0,4.0,55.29999923706055,0.0,9.140000343322754,1.8
2016-03-11,48.5,0.0,5.3,53.0,0.0,9.020000457763672,0.0
2016-03-12,48.900001525878906,0.0,5.4,53.59999847412109,0.0,9.09000015258789,0.1
2016-03-13,45.59999847412109,0.0,5.1,51.900001525878906,0.0,9.119999885559082,0.3
2016-03-14,45.900001525878906,0.9,2.0,54.70000076293945,1.4,9.039999961853027,0.3
2016-03-15,50.20000076293945,1.1,0.7,55.5,1.7,8.819999694824219,0.0
2016-03-16,47.79999923706055,0.0,1.5,56.20000076293945,0.4,8.489999771118164,0.0
2016-03-17,48.0,0.9,-0.2,55.400001525878906,0.3,7.949999809265137,0.0
2016-03-18,50.70000076293945,0.0,-0.6,55.20000076293945,0.0,7.809999942779541,0.0
2016-03-19,49.900001525878906,0.0,0.5,53.0,0.0,7.829999923706055,0.0
2016-03-20,44.79999923706055,0.0,3.4,51.5,0.0,8.199999809265137,0.0
2016-03-21,48.0,0.7,2.7,55.59999847412109,1.2,8.470000267028809,1.6
2016-03-22,51.20000076293945,0.4,-0.0,55.09999847412109,0.4,8.350000381469727,0.4
2016-03-23,50.5,0.3,1.0,56.900001525878906,0.4,8.210000038146973,0.1
2016-03-24,51.29999923706055,2.0,3.1,56.0,2.7,8.229999542236328,0.6
2016-03-25,49.70000076293945,2.8,1.8,54.29999923706055,3.6,8.140000343322754,4.1
2016-03-26,49.20000076293945,0.0,2.5,51.29999923706055,0.2,7.96999979019165,0.0
2016-03-27,46.0,0.0,3.0,49.5,0.0,7.869999885559082,0.2
2016-03-28,45.29999923706055,0.6,3.3,55.0,0.7,7.699999809265137,3.8
2016-03-29,51.5,0.2,4.0,56.5,2.0,7.710000038146973,0.2
2016-03-30,55.79999923706055,0.0,7.3,61.09999847412109,0.1,7.710000038146973,0.0
2016-03-31,57.0,3.6,5.2,61.09999847412109,5.3,7.96999979019165,0.0
2016-04-01,55.79999923706055,0.0,7.6,61.79999923706055,0.0,8.260000228881836,0.0
2016-04-02,56.29999923706055,0.0,9.9,61.5,0.0,8.729999542236328,0.0
2016-04-03,61.900001525878906,0.0,8.7,61.0,0.1,9.289999961853027,0.0
2016-04-04,69.69999694824219,0.0,8.0,75.0,0.0,9.770000457763672,0.3
2016-04-05,52.20000076293945,2.3,8.2,54.59999847412109,2.3,9.760000228881836,1.4
2016-04-06,64.4000015258789,0.1,9.7,76.9000015258789,0.0,9.59000015258789,0.0
2016-04-07,65.5999984741211,0.0,7.7,70.0,0.0,9.68000030517578,0.0
2016-04-08,66.19999694824219,0.0,10.2,71.0,0.0,10.100000381469728,0.0
2016-04-09,66.19999694824219,0.0,10.7,72.4000015258789,0.0,10.899999618530272,0.0
2016-04-10,63.70000076293945,0.0,5.3,69.0999984741211,0.0,12.199999809265137,1.2
2016-04-11,59.09999847412109,0.0,6.0,72.80000305175781,0.0,12.699999809265137,0.0
2016-04-12,50.400001525878906,0.0,9.0,60.79999923706055,0.0,13.0,0.0
2016-04-13,46.59999847412109,0.7,9.4,52.20000076293945,0.4,13.0,0.0
2016-04-14,47.5,1.3,5.0,56.59999847412109,0.7,12.899999618530272,0.9
2016-04-15,45.0,0.0,6.3,58.5,0.1,12.600000381469728,0.5
2016-04-16,50.900001525878906,0.0,8.6,65.0,0.0,12.399999618530272,0.0
2016-04-17,57.900001525878906,0.0,10.4,67.9000015258789,0.0,12.699999809265137,0.0
2016-04-18,66.5999984741211,0.0,13.0,73.4000015258789,0.0,14.0,0.0
2016-04-19,57.09999847412109,0.0,15.3,78.5999984741211,0.0,16.600000381469727,0.0
2016-04-20,51.29999923706055,0.0,15.1,79.69999694824219,0.0,20.5,0.0
2016-04-21,87.5,0.0,12.5,84.30000305175781,0.0,26.100000381469727,0.0
2016-04-22,64.30000305175781,0.0,10.9,87.0,0.5,32.599998474121094,0.6
2016-04-23,88.19999694824219,3.6,6.8,106.0,5.0,42.5,2.5
2016-04-24,97.8000030517578,0.6,5.0,116.0,0.2,49.400001525878906,3.1
2016-04-25,107.0,5.9,3.9,132.0,5.2,52.5,8.3
2016-04-26,118.0,0.3,5.5,130.0,1.1,50.59999847412109,4.3
2016-04-27,124.0,0.0,5.8,135.0,0.2,48.5,2.1
2016-04-28,126.0,0.4,5.7,133.0,0.4,45.79999923706055,0.8
2016-04-29,123.0,0.1,6.8,142.0,0.0,44.0,1.7
2016-04-30,92.5999984741211,0.2,7.6,104.0,0.6,42.900001525878906,1.7
2016-05-01,83.0999984741211,0.0,10.1,98.0,0.0,40.70000076293945,0.3
2016-05-02,79.5,0.0,14.3,97.9000015258789,0.0,42.400001525878906,0.0
2016-05-03,80.80000305175781,0.0,17.0,93.8000030517578,0.0,51.59999847412109,0.0
2016-05-04,80.69999694824219,0.0,18.0,93.6999969482422,0.0,64.5999984741211,0.3
2016-05-05,81.0999984741211,1.2,14.0,95.0,2.9,72.5999984741211,5.8
2016-05-06,113.0,0.0,11.2,137.0,0.0,79.30000305175781,1.2
2016-05-07,117.0,0.0,15.9,126.0,0.0,80.4000015258789,0.0
2016-05-08,115.0,0.1,15.5,134.0,1.1,86.30000305175781,1.0
2016-05-09,128.0,4.4,7.6,139.0,4.6,80.69999694824219,4.3
2016-05-10,123.0,0.0,7.1,135.0,0.0,69.5999984741211,0.3
2016-05-11,141.0,0.0,8.1,156.0,0.0,61.70000076293945,0.6
2016-05-12,102.0,9.0,6.4,102.0,11.0,59.59999847412109,20.5
2016-05-13,91.1999969482422,0.0,6.4,96.9000015258789,0.1,54.20000076293945,1.3
2016-05-14,76.9000015258789,0.0,8.1,77.0999984741211,0.0,49.20000076293945,0.0
2016-05-15,62.900001525878906,0.0,9.5,76.5,0.0,46.20000076293945,0.0
2016-05-16,61.70000076293945,0.0,12.0,80.19999694824219,0.0,45.59999847412109,0.0
2016-05-17,65.0999984741211,0.0,15.2,79.5999984741211,0.0,48.20000076293945,0.0
2016-05-18,78.19999694824219,0.0,17.4,92.0,0.0,53.400001525878906,0.4
2016-05-19,110.0,2.5,13.8,139.0,2.9,64.5,12.0
2016-05-20,114.0,2.9,8.0,117.0,4.1,71.19999694824219,2.6
2016-05-21,122.0,7.5,6.3,132.0,4.8,70.30000305175781,2.6
2016-05-22,124.0,16.4,4.9,131.0,18.1,74.9000015258789,19.3
2016-05-23,129.0,8.9,4.7,143.0,13.3,78.5,10.9
2016-05-24,129.0,0.5,8.8,129.0,0.7,71.5,0.0
2016-05-25,116.0,0.0,12.0,135.0,0.0,70.30000305175781,0.5
2016-05-26,117.0,2.4,13.4,135.0,5.6,75.30000305175781,6.3
2016-05-27,123.0,6.3,10.9,129.0,5.6,80.0,8.5
2016-05-28,122.0,2.5,9.7,128.0,1.8,80.19999694824219,0.2
2016-05-29,123.0,1.0,11.2,133.0,1.4,72.4000015258789,2.1
2016-05-30,127.0,4.8,9.8,127.0,1.7,67.4000015258789,4.1
2016-05-31,120.0,0.0,10.1,129.0,0.0,61.900001525878906,1.9
2016-06-01,113.0,1.1,13.3,121.0,0.6,59.09999847412109,0.7
2016-06-02,108.0,1.6,14.9,115.0,1.4,59.20000076293945,1.9
2016-06-03,109.0,0.0,15.0,115.0,0.0,63.0,0.0
2016-06-04,102.0,0.0,17.9,115.0,0.0,67.0999984741211,0.0
2016-06-05,99.0,0.0,18.6,112.0,0.0,78.5999984741211,0.0
2016-06-06,107.0,0.2,20.1,120.0,2.1,89.19999694824219,0.0
2016-06-07,120.0,0.0,22.1,132.0,0.0,102.0,0.4
2016-06-08,134.0,0.9,20.5,140.0,1.0,107.0,0.2
2016-06-09,145.0,0.9,18.9,147.0,1.0,107.0,1.5
2016-06-10,145.0,2.0,13.7,152.0,4.6,102.0,8.4
2016-06-11,146.0,14.1,13.4,156.0,16.9,98.0,5.0
2016-06-12,139.0,0.0,13.5,153.0,0.0,86.5,0.0
2016-06-13,134.0,0.0,14.3,133.0,0.0,74.30000305175781,0.8
2016-06-14,121.0,0.5,14.3,127.0,0.5,69.80000305175781,3.4
2016-06-15,85.80000305175781,0.0,11.6,102.0,0.0,65.5999984741211,0.4
2016-06-16,87.69999694824219,0.0,11.7,94.1999969482422,0.0,59.70000076293945,0.0
2016-06-17,84.19999694824219,0.1,13.1,87.30000305175781,0.3,54.400001525878906,0.3
2016-06-18,82.80000305175781,0.9,13.3,94.6999969482422,0.8,50.59999847412109,1.8
2016-06-19,82.80000305175781,4.5,13.6,93.8000030517578,12.4,53.400001525878906,16.1
2016-06-20,82.69999694824219,1.1,15.4,92.0999984741211,1.5,52.0,0.0
2016-06-21,79.5999984741211,4.3,16.5,94.5999984741211,3.1,52.09999847412109,3.5
2016-06-22,76.0,0.0,15.7,90.8000030517578,0.0,54.900001525878906,1.4
2016-06-23,76.5999984741211,0.9,16.9,90.0999984741211,3.2,57.5,3.8
2016-06-24,79.69999694824219,4.0,15.5,90.8000030517578,1.5,62.09999847412109,4.2
2016-06-25,79.69999694824219,10.2,13.7,89.19999694824219,5.1,67.5,4.4
2016-06-26,78.4000015258789,2.7,15.5,91.6999969482422,5.5,70.80000305175781,3.8
2016-06-27,83.0,0.0,16.6,95.5,0.4,69.5,6.9
2016-06-28,83.9000015258789,1.7,18.3,91.5999984741211,2.4,68.9000015258789,6.9
2016-06-29,78.0999984741211,0.6,17.6,92.0,0.3,70.0,3.1
2016-06-30,72.5999984741211,3.6,18.8,84.0,6.7,74.0999984741211,1.8
2016-07-01,72.9000015258789,0.5,17.8,84.5999984741211,3.5,78.30000305175781,0.4
2016-07-02,72.9000015258789,6.0,17.8,85.30000305175781,6.7,75.0,0.1
2016-07-03,73.4000015258789,2.3,18.3,84.4000015258789,2.5,72.9000015258789,0.8
2016-07-04,76.30000305175781,4.6,14.8,83.30000305175781,5.2,72.0999984741211,2.0
2016-07-05,75.0999984741211,1.0,13.1,82.69999694824219,1.5,67.30000305175781,3.1
2016-07-06,75.4000015258789,0.6,13.8,80.4000015258789,0.2,62.20000076293945,11.6
2016-07-07,78.19999694824219,1.4,15.5,86.5999984741211,0.0,57.5,6.6
2016-07-08,92.5,0.0,17.4,99.8000030517578,0.0,54.20000076293945,0.7
2016-07-09,99.0,7.8,16.8,99.0,7.2,52.900001525878906,8.1
2016-07-10,90.4000015258789,1.8,14.0,95.3000030517578,5.4,53.70000076293945,7.3
2016-07-11,77.9000015258789,1.8,14.5,86.5999984741211,3.7,53.59999847412109,6.9
2016-07-12,102.0,11.1,14.7,99.4000015258789,12.3,57.70000076293945,11.7
2016-07-13,76.0,4.4,14.5,94.6999969482422,9.1,67.0,9.3
2016-07-14,77.80000305175781,6.5,14.5,89.4000015258789,8.0,73.19999694824219,9.6
2016-07-15,97.1999969482422,11.9,13.6,94.8000030517578,18.0,74.80000305175781,11.9
2016-07-16,110.0,34.1,12.2,133.0,43.2,89.5,21.5
2016-07-17,147.0,18.7,13.5,135.0,17.3,96.0999984741211,9.6
2016-07-18,146.0,0.7,14.7,150.0,7.2,87.5999984741211,0.6
2016-07-19,143.0,0.0,17.7,145.0,0.2,81.69999694824219,0.7
2016-07-20,133.0,0.0,17.9,144.0,0.0,78.4000015258789,0.0
2016-07-21,127.0,0.0,17.5,131.0,0.0,72.4000015258789,0.0
2016-07-22,121.0,1.2,17.8,134.0,0.7,67.5999984741211,0.0
2016-07-23,115.0,0.2,18.2,122.0,0.0,64.19999694824219,0.6
2016-07-24,106.0,0.6,18.4,114.0,0.0,61.59999847412109,0.0
2016-07-25,95.0999984741211,0.0,19.5,105.0,0.0,60.59999847412109,3.8
2016-07-26,101.0,5.8,18.6,124.0,2.7,62.400001525878906,10.0
2016-07-27,108.0,2.7,18.2,123.0,0.7,62.59999847412109,5.6
2016-07-28,108.0,0.3,18.9,107.0,1.3,61.79999923706055,0.0
2016-07-29,95.5,1.8,18.8,116.0,0.9,61.5,0.3
2016-07-30,105.0,1.7,19.2,122.0,2.7,62.5,2.7
2016-07-31,109.0,14.4,14.6,108.0,5.9,66.5,7.1
2016-08-01,109.0,1.0,14.0,119.0,5.6,62.09999847412109,1.0
2016-08-02,120.0,0.0,16.6,120.0,1.3,57.0,4.1
2016-08-03,103.0,25.2,13.5,105.0,21.0,55.400001525878906,16.4
2016-08-04,99.9000015258789,0.0,15.3,105.0,0.0,53.0,2.1
2016-08-05,93.4000015258789,0.0,16.5,103.0,2.1,51.400001525878906,2.5
2016-08-06,103.0,5.5,16.2,100.0,4.3,51.79999923706055,5.3
2016-08-07,104.0,25.6,16.2,99.5,16.7,55.59999847412109,10.1
2016-08-08,96.3000030517578,7.9,15.4,87.5999984741211,10.5,56.900001525878906,4.7
2016-08-09,89.80000305175781,2.6,15.7,95.5999984741211,0.8,57.09999847412109,5.3
2016-08-10,95.1999969482422,16.5,14.8,95.5,9.0,55.70000076293945,8.0
2016-08-11,86.5,3.6,16.0,89.0,1.0,58.20000076293945,0.6
2016-08-12,91.0999984741211,3.6,15.7,92.9000015258789,3.0,56.900001525878906,2.3
2016-08-13,85.0,0.0,17.2,92.0,0.1,55.0,4.2
2016-08-14,86.80000305175781,0.4,18.2,82.0,0.7,53.79999923706055,1.3
2016-08-15,84.9000015258789,0.0,17.7,82.0999984741211,0.2,54.400001525878906,1.2
2016-08-16,75.69999694824219,0.0,19.1,83.9000015258789,0.0,53.0,0.1
2016-08-17,68.0999984741211,0.0,18.0,81.69999694824219,0.4,52.70000076293945,7.8
2016-08-18,86.5,2.2,14.2,84.80000305175781,1.6,52.0,8.2
2016-08-19,75.19999694824219,0.4,14.2,74.30000305175781,3.3,49.0,0.7
2016-08-20,72.30000305175781,0.0,16.7,71.30000305175781,0.0,46.5,0.0
2016-08-21,68.69999694824219,0.0,18.1,68.80000305175781,0.0,45.900001525878906,0.0
2016-08-22,68.80000305175781,4.3,15.6,70.19999694824219,10.6,47.20000076293945,9.2
2016-08-23,67.0,19.6,10.5,67.30000305175781,27.4,48.79999923706055,9.5
2016-08-24,62.0,0.4,12.8,62.900001525878906,1.5,44.70000076293945,0.1
2016-08-25,64.5999984741211,3.7,12.7,66.19999694824219,1.8,41.79999923706055,5.0
2016-08-26,65.0,0.1,13.0,70.9000015258789,0.3,40.29999923706055,2.7
2016-08-27,67.5,1.3,15.3,70.5,2.1,39.59999847412109,2.4
2016-08-28,64.69999694824219,5.9,11.5,65.0999984741211,3.0,43.20000076293945,2.7
2016-08-29,62.70000076293945,0.0,12.7,65.5,0.0,42.900001525878906,0.0
2016-08-30,66.9000015258789,0.4,15.8,68.0,0.0,42.29999923706055,0.2
2016-08-31,67.9000015258789,0.1,18.7,68.5999984741211,0.0,44.20000076293945,0.3
2016-09-01,61.09999847412109,0.0,19.1,62.0,0.0,45.79999923706055,0.0
2016-09-02,59.29999923706055,3.4,15.1,63.09999847412109,1.5,44.20000076293945,3.1
2016-09-03,61.59999847412109,0.1,11.1,62.70000076293945,0.0,46.20000076293945,0.7
2016-09-04,65.30000305175781,0.6,9.1,62.29999923706055,1.1,42.900001525878906,2.9
2016-09-05,60.900001525878906,0.2,9.4,61.09999847412109,0.0,39.59999847412109,4.7
2016-09-06,60.20000076293945,2.9,9.4,63.29999923706055,5.8,37.5,1.9
2016-09-07,59.29999923706055,1.1,10.0,60.09999847412109,1.1,37.29999923706055,1.2
2016-09-08,66.19999694824219,3.0,10.9,58.59999847412109,7.3,37.29999923706055,1.1
2016-09-09,61.59999847412109,2.8,10.0,57.400001525878906,1.5,37.400001525878906,0.9
2016-09-10,58.5,0.0,14.0,54.400001525878906,0.0,35.400001525878906,0.0
2016-09-11,61.0,7.1,9.1,59.79999923706055,11.5,39.79999923706055,13.4
2016-09-12,56.59999847412109,1.0,6.0,59.0,1.7,40.20000076293945,1.0
2016-09-13,58.20000076293945,0.0,7.8,60.79999923706055,0.0,37.79999923706055,0.0
2016-09-14,58.09999847412109,0.0,12.5,59.79999923706055,0.0,36.09999847412109,0.0
2016-09-15,55.0,0.0,13.6,63.900001525878906,0.0,34.70000076293945,0.0
2016-09-16,49.70000076293945,0.0,15.0,62.59999847412109,0.0,33.70000076293945,0.0
2016-09-17,57.70000076293945,0.0,15.0,63.59999847412109,0.0,33.20000076293945,0.5
2016-09-18,56.79999923706055,0.0,12.1,59.5,0.1,37.20000076293945,0.5
2016-09-19,55.20000076293945,0.0,9.3,56.400001525878906,0.0,37.09999847412109,1.0
2016-09-20,51.5,4.4,7.9,57.5,8.9,37.59999847412109,13.2
2016-09-21,52.79999923706055,0.0,6.4,61.400001525878906,0.3,38.0,0.7
2016-09-22,52.900001525878906,3.6,7.9,54.20000076293945,2.9,36.5,2.9
2016-09-23,52.20000076293945,1.6,9.6,55.09999847412109,0.6,36.29999923706055,0.2
2016-09-24,52.20000076293945,0.4,10.5,54.29999923706055,0.2,35.79999923706055,0.0
2016-09-25,52.400001525878906,0.0,8.7,53.5,0.0,34.599998474121094,0.0
2016-09-26,52.900001525878906,0.0,12.6,52.79999923706055,0.0,33.29999923706055,0.0
2016-09-27,50.400001525878906,0.0,12.5,52.5,0.0,33.0,4.1
2016-09-28,50.29999923706055,0.0,9.3,56.59999847412109,0.0,35.099998474121094,0.0
2016-09-29,50.0,0.2,8.7,55.09999847412109,0.0,34.599998474121094,0.0
2016-09-30,50.70000076293945,0.0,10.5,54.400001525878906,0.0,34.099998474121094,1.7
2016-10-01,53.20000076293945,6.5,10.5,54.400001525878906,19.9,38.59999847412109,15.0
2016-10-02,53.400001525878906,0.0,8.7,53.20000076293945,0.0,48.0,1.1
2016-10-03,49.59999847412109,0.0,6.8,51.5,0.0,45.09999847412109,0.0
2016-10-04,57.70000076293945,0.0,7.6,62.0,0.0,42.5,2.3
2016-10-05,58.79999923706055,0.0,3.9,60.20000076293945,0.2,40.59999847412109,5.5
2016-10-06,58.29999923706055,0.0,2.0,62.20000076293945,0.0,38.400001525878906,0.0
2016-10-07,59.0,4.8,0.5,61.70000076293945,4.0,36.59999847412109,3.3
2016-10-08,59.400001525878906,0.2,0.4,60.900001525878906,1.2,36.09999847412109,4.0
2016-10-09,59.70000076293945,4.2,1.0,61.09999847412109,3.4,39.0,12.8
2016-10-10,61.20000076293945,4.3,-0.9,61.5,3.2,38.0,5.9
2016-10-11,59.09999847412109,0.0,-1.3,60.79999923706055,0.0,35.20000076293945,0.3
2016-10-12,58.400001525878906,0.0,-1.1,61.59999847412109,0.0,32.599998474121094,0.0
2016-10-13,57.900001525878906,0.0,0.6,61.400001525878906,0.0,31.100000381469727,0.0
2016-10-14,59.09999847412109,2.8,1.9,62.79999923706055,3.8,32.099998474121094,7.8
2016-10-15,59.70000076293945,0.0,1.8,59.400001525878906,0.0,32.5,0.8
2016-10-16,61.20000076293945,0.3,5.4,60.29999923706055,0.1,32.400001525878906,0.2
2016-10-17,59.20000076293945,0.0,2.4,60.59999847412109,0.0,31.899999618530277,0.1
2016-10-18,59.29999923706055,0.3,1.6,60.20000076293945,0.2,30.799999237060547,0.6
2016-10-19,57.400001525878906,0.1,3.0,63.20000076293945,0.0,29.5,0.0
2016-10-20,58.29999923706055,0.0,3.7,60.70000076293945,0.4,28.299999237060547,0.1
2016-10-21,58.79999923706055,0.0,5.7,60.0,0.0,27.700000762939453,0.0
2016-10-22,58.0,0.0,3.5,59.79999923706055,0.0,26.700000762939453,0.0
2016-10-23,59.59999847412109,0.0,2.0,55.09999847412109,0.0,25.5,0.0
2016-10-24,58.400001525878906,1.2,1.5,59.79999923706055,0.6,24.799999237060547,0.2
2016-10-25,58.59999847412109,0.0,3.2,59.79999923706055,0.1,24.399999618530277,0.6
2016-10-26,59.09999847412109,0.0,2.6,57.0,0.0,24.5,0.1
2016-10-27,61.79999923706055,0.0,4.3,62.900001525878906,0.0,25.100000381469727,4.1
2016-10-28,67.19999694824219,8.3,3.4,62.900001525878906,9.4,25.700000762939453,3.4
2016-10-29,60.09999847412109,0.0,3.1,63.29999923706055,0.0,24.399999618530277,0.0
2016-10-30,61.59999847412109,0.1,3.6,62.29999923706055,0.1,23.5,0.0
2016-10-31,61.09999847412109,0.0,2.8,63.29999923706055,0.0,22.700000762939453,0.0
2016-11-01,63.20000076293945,0.1,2.7,63.79999923706055,0.2,22.899999618530277,1.0
2016-11-02,66.0,0.0,3.5,63.400001525878906,0.0,22.5,0.4
2016-11-03,60.20000076293945,0.0,7.5,60.29999923706055,0.0,22.100000381469727,0.0
2017-03-01,46.70000076293945,0.1,-8.0,63.0,0.1,8.59000015258789,1.6
2017-03-02,46.59999847412109,0.0,-6.6,62.20000076293945,0.2,8.699999809265137,0.0
2017-03-03,47.20000076293945,0.0,-1.3,61.900001525878906,0.0,8.760000228881836,0.6
2017-03-04,48.400001525878906,0.0,-2.8,66.0999984741211,0.3,8.65999984741211,4.7
2017-03-05,52.0,0.7,-10.0,64.0999984741211,0.7,8.510000228881836,2.7
2017-03-06,52.900001525878906,0.5,-9.6,65.4000015258789,1.0,8.270000457763672,2.3
2017-03-07,52.70000076293945,0.0,-10.8,61.900001525878906,0.1,8.260000228881836,0.5
2017-03-08,46.70000076293945,2.2,-12.6,59.59999847412109,1.7,8.069999694824219,2.7
2017-03-09,44.09999847412109,0.4,-18.9,69.80000305175781,0.3,8.039999961853027,0.7
2017-03-10,44.29999923706055,3.2,-17.1,64.80000305175781,2.8,7.920000076293945,3.7
2017-03-11,45.5,0.0,-18.9,70.0,0.0,8.039999961853027,0.5
2017-03-12,45.70000076293945,2.2,-15.9,63.70000076293945,1.6,8.649999618530273,3.6
2017-03-13,46.79999923706055,0.0,-8.4,63.20000076293945,0.0,9.0600004196167,0.4
2017-03-14,47.900001525878906,0.0,1.5,55.79999923706055,0.0,9.029999732971191,1.2
2017-03-15,51.70000076293945,0.2,4.8,62.5,0.6,9.199999809265137,4.6
2017-03-16,67.0,0.7,1.6,73.19999694824219,1.2,9.380000114440918,3.6
2017-03-17,71.30000305175781,0.8,-0.3,82.5999984741211,0.0,9.140000343322754,0.1
2017-03-18,74.9000015258789,0.0,4.7,79.4000015258789,0.0,9.359999656677246,4.8
2017-03-19,73.19999694824219,0.2,2.7,79.0,0.1,9.399999618530272,4.6
2017-03-20,75.0999984741211,0.0,-2.1,83.0,0.0,8.75,0.0
2017-03-21,72.9000015258789,0.2,-1.1,81.80000305175781,0.1,9.3100004196167,0.1
2017-03-22,68.0999984741211,2.3,3.8,73.5999984741211,1.1,9.390000343322754,1.8
2017-03-23,64.19999694824219,0.0,4.1,70.5,0.0,9.489999771118164,0.0
2017-03-24,67.5,0.0,1.8,71.9000015258789,0.0,9.34000015258789,0.0
2017-03-25,70.4000015258789,0.2,4.1,74.9000015258789,0.1,9.59000015258789,0.7
2017-03-26,69.80000305175781,0.0,2.3,76.19999694824219,0.0,9.640000343322754,0.0
2017-03-27,70.19999694824219,0.0,3.1,76.80000305175781,0.0,9.789999961853027,0.0
2017-03-28,66.5,0.1,4.1,68.5999984741211,0.4,9.880000114440918,0.0
2017-03-29,67.0999984741211,0.1,3.7,67.4000015258789,0.0,9.920000076293944,0.7
2017-03-30,69.19999694824219,1.8,3.7,68.5999984741211,2.2,9.829999923706056,2.9
2017-03-31,68.30000305175781,0.8,4.0,69.30000305175781,0.7,9.979999542236328,0.6
2017-04-01,75.9000015258789,0.0,6.6,77.4000015258789,3.8,10.0,1.6
2017-04-02,77.9000015258789,3.1,2.3,79.5,4.6,9.989999771118164,1.2
2017-04-03,79.19999694824219,0.6,1.2,80.0999984741211,1.4,9.850000381469728,1.0
2017-04-04,79.0999984741211,0.2,1.5,82.80000305175781,0.2,9.550000190734863,0.0
2017-04-05,75.0,0.0,4.4,78.19999694824219,0.0,9.6899995803833,0.0
2017-04-06,80.80000305175781,0.0,8.9,78.5999984741211,0.3,9.920000076293944,0.8
2017-04-07,82.30000305175781,2.0,5.6,77.9000015258789,2.9,10.100000381469728,4.3
2017-04-08,81.4000015258789,0.2,6.4,78.0999984741211,0.9,10.300000190734863,0.3
2017-04-09,80.9000015258789,0.8,3.4,80.69999694824219,2.1,10.300000190734863,2.9
2017-04-10,80.5,1.0,2.8,80.0999984741211,2.0,10.0,5.4
2017-04-11,81.9000015258789,0.8,4.1,77.30000305175781,2.3,9.920000076293944,1.0
2017-04-12,78.4000015258789,1.7,1.3,76.80000305175781,2.4,9.84000015258789,3.1
2017-04-13,82.80000305175781,10.6,2.8,77.0999984741211,11.7,9.850000381469728,6.2
2017-04-14,81.5,0.2,3.8,80.0,1.1,10.100000381469728,2.5
2017-04-15,80.19999694824219,1.7,1.1,83.0999984741211,4.3,10.0,1.5
2017-04-16,80.4000015258789,1.2,0.9,82.80000305175781,0.7,9.859999656677246,0.0
2017-04-17,76.5,0.0,2.8,83.30000305175781,0.0,9.989999771118164,0.1
2017-04-18,75.69999694824219,1.7,4.9,85.9000015258789,1.8,10.0,1.1
2017-04-19,81.4000015258789,1.4,5.4,74.69999694824219,0.8,10.600000381469728,0.8
2017-04-20,88.5999984741211,0.2,5.4,83.19999694824219,0.1,10.699999809265137,0.7
2017-04-21,82.0,1.3,5.7,81.4000015258789,5.3,11.199999809265137,4.9
2017-04-22,82.0999984741211,0.2,4.0,80.0,0.6,11.399999618530272,0.0
2017-04-23,83.0999984741211,6.6,4.5,84.5999984741211,11.3,12.100000381469728,3.5
2017-04-24,81.5999984741211,15.8,2.4,85.19999694824219,6.4,12.399999618530272,3.6
2017-04-25,85.19999694824219,8.7,0.9,82.0,9.0,12.800000190734863,9.4
2017-04-26,82.5,0.0,-0.4,71.30000305175781,0.3,12.5,0.4
2017-04-27,83.5999984741211,0.9,1.9,84.5,1.6,12.600000381469728,4.5
2017-04-28,86.0999984741211,2.6,3.0,85.0,3.6,12.600000381469728,1.7
2017-04-29,94.0,0.4,4.3,98.0999984741211,0.2,12.800000190734863,1.9
2017-04-30,91.0999984741211,1.2,7.0,106.0,1.4,13.0,0.6
2017-05-01,91.5,0.9,5.6,88.5,0.5,13.100000381469728,0.1
2017-05-02,86.5999984741211,0.7,6.5,89.69999694824219,3.1,13.100000381469728,0.6
2017-05-03,91.3000030517578,0.0,7.8,92.3000030517578,0.0,13.399999618530272,0.0
2017-05-04,90.0,0.0,14.1,94.1999969482422,0.0,14.800000190734863,0.0
2017-05-05,90.6999969482422,0.7,15.2,99.4000015258789,0.0,22.0,3.1
2017-05-06,98.0999984741211,0.1,15.6,99.9000015258789,0.0,36.09999847412109,0.1
2017-05-07,120.0,1.2,9.9,115.0,2.2,44.400001525878906,0.9
2017-05-08,103.0,0.0,8.0,91.9000015258789,0.2,45.0,0.0
2017-05-09,86.69999694824219,0.1,10.5,96.9000015258789,0.6,43.900001525878906,1.1
2017-05-10,87.5999984741211,0.0,10.6,104.0,0.0,42.5,0.0
2017-05-11,134.0,0.2,13.9,137.0,0.2,43.5,1.8
2017-05-12,131.0,0.1,15.3,135.0,0.3,51.29999923706055,3.6
2017-05-13,115.0,5.5,10.5,127.0,4.0,63.20000076293945,2.0
2017-05-14,120.0,3.0,7.8,137.0,0.4,58.5,0.2
2017-05-15,123.0,0.4,7.2,136.0,0.8,52.29999923706055,0.1
2017-05-16,126.0,0.1,7.2,140.0,2.1,47.29999923706055,0.7
2017-05-17,126.0,6.3,6.2,145.0,7.9,43.29999923706055,3.6
2017-05-18,132.0,0.4,7.4,146.0,1.2,40.70000076293945,0.9
2017-05-19,127.0,1.6,10.5,130.0,3.2,41.09999847412109,0.5
2017-05-20,116.0,0.8,11.6,127.0,0.4,42.59999847412109,0.0
2017-05-21,115.0,0.0,14.0,126.0,0.1,47.70000076293945,0.0
2017-05-22,116.0,0.0,15.7,121.0,0.0,58.70000076293945,0.0
2017-05-23,120.0,0.0,17.9,125.0,0.0,78.5999984741211,0.0
2017-05-24,152.0,13.4,13.4,161.0,13.9,130.0,13.1
2017-05-25,206.0,14.8,8.9,242.0,14.5,118.0,5.8
2017-05-26,201.0,1.2,10.2,227.0,0.7,104.0,0.0
2017-05-27,217.0,2.4,14.8,232.0,1.7,98.4000015258789,0.0
2017-05-28,224.0,0.0,14.8,233.0,0.0,115.0,0.1
2017-05-29,205.0,0.0,14.2,205.0,0.3,142.0,0.7
2017-05-30,201.0,0.1,16.3,229.0,0.0,175.0,0.0
2017-05-31,266.0,0.1,18.7,268.0,0.8,206.0,3.9
2017-06-01,303.0,0.2,18.1,297.0,0.2,242.0,0.9
2017-06-02,342.0,4.4,16.2,338.0,5.3,266.0,4.0
2017-06-03,378.0,0.0,15.7,374.0,0.0,243.0,0.0
2017-06-04,338.0,0.3,16.5,355.0,0.0,211.0,1.0
2017-06-05,332.0,11.6,14.6,332.0,5.1,206.0,1.3
2017-06-06,350.0,0.0,14.8,354.0,0.0,192.0,0.0
2017-06-07,323.0,0.1,16.9,322.0,0.0,188.0,0.0
2017-06-08,290.0,0.0,19.2,316.0,0.3,198.0,4.0
2017-06-09,312.0,15.1,15.5,328.0,15.4,261.0,10.0
2017-06-10,344.0,8.2,9.8,370.0,13.3,270.0,14.4
2017-06-11,392.0,8.0,10.2,397.0,4.0,209.0,1.4
2017-06-12,322.0,0.0,14.3,336.0,0.0,164.0,0.1
2017-06-13,284.0,1.5,15.2,289.0,0.3,161.0,9.8
2017-06-14,261.0,20.2,12.1,270.0,12.4,192.0,18.8
2017-06-15,276.0,2.7,12.5,285.0,0.2,198.0,0.2
2017-06-16,300.0,2.5,14.2,309.0,1.4,173.0,1.1
2017-06-17,278.0,2.5,12.7,289.0,2.6,159.0,1.9
2017-06-18,267.0,0.4,13.8,268.0,0.7,142.0,0.3
2017-06-19,245.0,0.0,14.2,247.0,0.2,130.0,0.1
2017-06-20,251.0,0.3,17.4,253.0,0.0,128.0,0.2
2017-06-21,222.0,1.2,14.2,221.0,0.7,145.0,1.0
2017-06-22,203.0,0.8,11.3,208.0,0.9,132.0,1.0
2017-06-23,201.0,0.0,12.0,209.0,0.4,116.0,0.7
2017-06-24,194.0,1.4,13.4,209.0,0.6,107.0,0.7
2017-06-25,210.0,0.2,15.8,204.0,0.0,107.0,0.0
2017-06-26,187.0,2.0,19.8,180.0,0.4,120.0,0.0
2017-06-27,170.0,0.0,19.2,167.0,0.5,147.0,0.7
2017-06-28,167.0,3.1,14.1,168.0,1.6,143.0,1.2
2017-06-29,170.0,1.2,14.0,173.0,6.4,127.0,1.4
2017-06-30,172.0,0.0,17.3,177.0,0.0,119.0,0.3
2017-07-01,178.0,5.0,19.3,173.0,3.2,126.0,4.0
2017-07-02,175.0,0.0,18.3,174.0,0.0,134.0,0.6
2017-07-03,172.0,0.0,19.7,167.0,1.5,137.0,0.0
2017-07-04,167.0,0.2,17.2,161.0,0.1,139.0,0.0
2017-07-05,164.0,0.0,19.0,166.0,0.0,129.0,0.0
2017-07-06,171.0,2.2,20.4,172.0,0.0,122.0,0.0
2017-07-07,171.0,0.2,21.9,171.0,0.0,120.0,0.0
2017-07-08,170.0,1.3,22.0,171.0,0.0,121.0,0.0
2017-07-09,169.0,0.0,21.6,171.0,1.4,120.0,0.1
2017-07-10,175.0,3.1,18.9,180.0,4.9,118.0,12.1
2017-07-11,189.0,25.4,14.8,175.0,17.0,114.0,18.6
2017-07-12,186.0,0.2,15.4,185.0,1.8,106.0,1.1
2017-07-13,185.0,0.0,18.4,184.0,0.0,98.0999984741211,0.0
2017-07-14,170.0,0.0,19.2,163.0,0.0,94.6999969482422,0.0
2017-07-15,151.0,0.0,19.9,155.0,0.0,93.0999984741211,0.0
2017-07-16,146.0,0.7,19.9,156.0,0.5,93.9000015258789,2.7
2017-07-17,153.0,0.0,13.5,158.0,0.2,89.30000305175781,0.4
2017-07-18,157.0,0.0,14.4,160.0,0.2,79.80000305175781,0.0
2017-07-19,148.0,0.0,16.9,140.0,0.0,72.69999694824219,0.3
2017-07-20,124.0,0.6,18.6,127.0,0.2,69.19999694824219,2.5
2017-07-21,126.0,0.0,16.4,130.0,1.6,69.80000305175781,0.4
2017-07-22,120.0,0.0,17.3,123.0,0.0,66.9000015258789,0.0
2017-07-23,119.0,0.0,19.9,123.0,0.1,65.80000305175781,0.1
2017-07-24,123.0,0.6,15.4,129.0,0.7,69.30000305175781,0.1
2017-07-25,125.0,0.0,14.8,130.0,0.0,66.5999984741211,0.1
2017-07-26,117.0,0.0,17.5,117.0,0.0,63.29999923706055,0.1
2017-07-27,111.0,0.7,21.2,115.0,0.0,62.0,0.7
2017-07-28,110.0,0.0,20.1,113.0,0.0,63.29999923706055,2.2
2017-07-29,109.0,0.3,19.1,113.0,0.0,63.20000076293945,0.0
2017-07-30,111.0,0.0,20.5,114.0,0.8,62.59999847412109,0.0
2017-07-31,110.0,0.2,18.5,115.0,0.2,62.400001525878906,2.3
2017-08-01,107.0,0.2,17.0,115.0,3.3,61.0,4.8
2017-08-02,105.0,2.0,14.0,114.0,3.6,60.70000076293945,0.1
2017-08-03,107.0,0.0,15.9,104.0,0.0,59.29999923706055,0.0
2017-08-04,101.0,0.0,17.2,102.0,1.3,58.09999847412109,0.5
2017-08-05,95.5999984741211,2.6,14.6,102.0,0.6,57.20000076293945,0.7
2017-08-06,96.9000015258789,0.1,15.8,102.0,1.3,55.29999923706055,0.0
2017-08-07,96.0,0.0,18.2,105.0,1.4,54.29999923706055,3.0
2017-08-08,91.3000030517578,0.1,15.9,82.69999694824219,0.2,54.09999847412109,0.7
2017-08-09,77.5999984741211,0.0,15.8,81.30000305175781,0.0,54.20000076293945,1.8
2017-08-10,76.19999694824219,4.1,18.1,83.80000305175781,1.2,54.09999847412109,1.2
2017-08-11,76.19999694824219,0.0,17.7,81.0999984741211,0.0,54.29999923706055,0.1
2017-08-12,76.0,0.0,17.8,81.30000305175781,0.0,54.59999847412109,0.0
2017-08-13,76.0999984741211,0.0,19.8,79.19999694824219,0.1,53.900001525878906,0.8
2017-08-14,76.9000015258789,7.1,15.7,82.69999694824219,6.7,55.5,2.0
2017-08-15,76.0999984741211,1.1,13.0,78.30000305175781,0.3,51.79999923706055,0.0
2017-08-16,76.0,0.0,15.8,78.9000015258789,0.0,47.79999923706055,0.2
2017-08-17,75.4000015258789,0.0,16.8,75.5,0.1,45.79999923706055,0.0
2017-08-18,68.30000305175781,0.0,18.3,70.4000015258789,0.0,44.900001525878906,0.0
2017-08-19,69.5999984741211,1.9,15.5,70.80000305175781,1.7,45.20000076293945,0.1
2017-08-20,69.4000015258789,0.0,13.7,70.19999694824219,0.0,43.70000076293945,0.0
2017-08-21,69.0,0.0,14.5,69.4000015258789,0.0,41.0,0.0
2017-08-22,68.4000015258789,0.0,17.4,68.5999984741211,0.0,39.900001525878906,1.2
2017-08-23,68.5999984741211,0.0,20.2,59.29999923706055,0.7,41.20000076293945,0.8
2017-08-24,61.70000076293945,0.0,20.5,56.79999923706055,0.0,43.5,2.9
2017-08-25,63.29999923706055,0.5,15.7,63.5,0.2,45.400001525878906,0.0
2017-08-26,69.30000305175781,0.0,16.3,62.900001525878906,0.0,42.70000076293945,0.0
2017-08-27,68.4000015258789,0.0,19.0,61.900001525878906,0.0,40.900001525878906,0.0
2017-08-28,69.19999694824219,0.0,20.3,62.900001525878906,0.0,41.5,0.7
2017-08-29,65.69999694824219,0.0,18.8,65.5999984741211,0.0,43.0,0.2
2017-08-30,67.19999694824219,0.0,21.1,62.5,0.0,43.59999847412109,0.0
2017-08-31,65.19999694824219,1.0,20.6,60.09999847412109,1.3,43.900001525878906,0.0
2017-09-01,66.30000305175781,0.2,17.4,63.0,1.1,42.900001525878906,0.0
2017-09-02,64.4000015258789,0.0,19.5,64.19999694824219,0.0,40.79999923706055,0.0
2017-09-03,64.19999694824219,0.0,18.3,61.900001525878906,0.0,42.5,0.1
2017-09-04,65.30000305175781,0.0,14.3,60.70000076293945,0.7,44.400001525878906,0.5
2017-09-05,65.30000305175781,0.0,15.4,58.09999847412109,0.0,43.20000076293945,0.0
2017-09-06,63.79999923706055,0.0,18.8,58.09999847412109,0.0,42.29999923706055,0.0
2017-09-07,63.79999923706055,0.0,20.7,57.0,0.0,41.29999923706055,0.0
2017-09-08,64.0,0.0,20.8,58.79999923706055,1.2,42.0,0.6
2017-09-09,62.0,0.0,19.0,67.30000305175781,0.0,44.29999923706055,2.0
2017-09-10,62.70000076293945,0.0,17.0,64.5,0.0,51.20000076293945,1.5
2017-09-11,64.4000015258789,0.0,17.4,68.0,0.0,46.400001525878906,0.0
2017-09-12,68.9000015258789,0.0,16.2,66.9000015258789,0.7,42.79999923706055,6.3
2017-09-13,76.5,14.4,8.4,68.4000015258789,25.3,45.0,12.8
2017-09-14,69.30000305175781,2.5,6.2,62.400001525878906,3.0,42.5,1.1
2017-09-15,65.69999694824219,4.7,5.0,61.400001525878906,2.6,37.70000076293945,0.9
2017-09-16,63.400001525878906,0.1,5.3,61.79999923706055,0.0,34.20000076293945,0.0
2017-09-17,63.59999847412109,0.0,8.2,62.20000076293945,0.0,31.399999618530277,0.0
2017-09-18,63.29999923706055,0.0,10.2,60.20000076293945,0.0,29.5,1.2
2017-09-19,61.09999847412109,0.1,7.8,49.09999847412109,0.2,28.100000381469727,0.3
2017-09-20,60.20000076293945,1.1,6.0,60.09999847412109,1.7,26.5,2.9
2017-09-21,57.900001525878906,6.6,3.2,52.70000076293945,10.6,25.899999618530277,8.2
2017-09-22,58.400001525878906,2.0,2.7,56.0,2.7,25.0,3.5
2017-09-23,57.59999847412109,0.0,4.6,52.900001525878906,0.0,24.0,0.0
2017-09-24,55.70000076293945,0.0,6.0,53.20000076293945,0.0,23.100000381469727,0.0
2017-09-25,55.29999923706055,0.0,10.9,63.20000076293945,0.0,22.299999237060547,0.0
2017-09-26,56.5,0.0,12.3,55.79999923706055,0.0,21.700000762939453,0.0
2017-09-27,52.70000076293945,0.0,12.5,46.29999923706055,0.0,21.100000381469727,0.0
2017-09-28,53.09999847412109,0.0,13.0,53.5,0.0,20.799999237060547,0.0
2017-09-29,52.900001525878906,0.0,13.0,53.900001525878906,0.0,20.600000381469727,0.0
2017-09-30,52.79999923706055,0.5,12.4,52.900001525878906,0.3,20.5,0.0
2017-10-01,52.0,3.6,7.9,49.70000076293945,1.3,20.399999618530277,0.2
2017-10-02,53.29999923706055,12.9,1.3,50.900001525878906,10.9,20.100000381469727,4.9
2017-10-03,52.70000076293945,0.0,0.2,54.0,0.0,19.5,0.0
2017-10-04,52.400001525878906,0.0,5.4,50.79999923706055,0.0,18.899999618530277,0.0
2017-10-05,52.59999847412109,0.0,7.1,51.900001525878906,0.0,18.700000762939453,0.0
2017-10-06,51.09999847412109,0.0,10.4,53.29999923706055,0.0,18.5,0.3
2017-10-07,52.20000076293945,1.9,8.5,53.20000076293945,0.4,18.799999237060547,4.7
2017-10-08,51.70000076293945,0.5,3.6,53.29999923706055,1.9,18.5,0.0
2017-10-09,52.20000076293945,0.0,5.2,51.900001525878906,0.0,18.0,0.0
2017-10-10,52.900001525878906,0.0,5.2,49.70000076293945,0.0,17.700000762939453,0.0
2017-10-11,49.09999847412109,0.9,3.1,47.59999847412109,1.5,17.700000762939453,15.5
2017-10-12,44.5,2.2,0.7,44.20000076293945,3.0,17.799999237060547,3.9
2017-10-13,40.400001525878906,0.7,-1.5,44.29999923706055,1.5,17.399999618530273,0.1
2017-10-14,38.5,0.0,0.2,41.0,0.0,17.200000762939453,0.2
2017-10-15,35.29999923706055,0.0,5.9,40.70000076293945,0.0,17.0,0.0
2017-10-16,34.29999923706055,0.5,9.9,40.400001525878906,0.0,16.799999237060547,0.0
2017-10-17,33.20000076293945,0.0,10.7,39.09999847412109,0.3,17.5,9.5
2017-10-18,32.20000076293945,1.1,3.8,38.5,0.3,21.600000381469727,2.8
2017-10-19,31.100000381469727,0.0,9.8,39.400001525878906,0.0,22.100000381469727,10.7
2017-10-20,31.399999618530277,0.7,6.9,38.70000076293945,1.4,23.399999618530277,7.5
2017-10-21,33.099998474121094,1.5,3.4,38.5,2.7,22.100000381469727,0.1
2017-10-22,31.5,0.0,5.6,35.79999923706055,0.0,20.700000762939453,5.1
2017-10-23,32.0,0.0,7.2,38.70000076293945,0.0,19.899999618530277,0.0
2017-10-24,39.0,0.0,8.7,48.29999923706055,0.0,18.899999618530277,0.0
2017-10-25,43.70000076293945,1.0,9.6,41.400001525878906,1.6,17.799999237060547,0.3
2017-10-26,40.20000076293945,0.1,1.2,42.5,0.0,17.700000762939453,0.4
2017-10-27,39.29999923706055,0.0,5.4,43.70000076293945,0.0,17.0,0.0
2017-10-28,38.400001525878906,0.0,11.3,41.09999847412109,0.7,16.600000381469727,0.0
2017-10-29,36.400001525878906,1.2,5.7,40.5,1.4,16.299999237060547,1.2
2017-10-30,33.900001525878906,0.0,0.1,41.09999847412109,0.0,15.600000381469728,0.0
2017-10-31,32.099998474121094,7.5,2.0,40.900001525878906,10.0,14.399999618530272,1.5
2018-03-01,44.400001525878906,0.1,-6.6,48.20000076293945,0.1,7.139999866485596,0.4
2018-03-02,36.900001525878906,8.8,-7.2,48.20000076293945,8.0,7.119999885559082,4.0
2018-03-03,41.400001525878906,8.0,-8.9,48.20000076293945,5.7,7.059999942779541,4.9
2018-03-04,38.900001525878906,0.2,-13.7,48.20000076293945,0.6,7.019999980926514,3.4
2018-03-05,38.20000076293945,0.0,-16.0,48.20000076293945,0.0,7.010000228881836,0.0
2018-03-06,38.59999847412109,0.0,-14.9,48.20000076293945,0.0,7.019999980926514,0.0
2018-03-07,42.29999923706055,0.0,-12.0,48.20000076293945,0.0,7.03000020980835,0.0
2018-03-08,43.900001525878906,0.1,-11.6,47.900001525878906,0.0,7.019999980926514,0.1
2018-03-09,45.5,0.5,-3.8,47.5,1.3,7.03000020980835,0.2
2018-03-10,42.09999847412109,0.0,-5.3,45.400001525878906,0.0,7.039999961853027,0.0
2018-03-11,39.29999923706055,0.0,-4.0,42.5,0.0,7.059999942779541,0.0
2018-03-12,40.20000076293945,0.0,-3.2,39.59999847412109,0.0,7.070000171661377,0.0
2018-03-13,42.0,0.0,-3.0,36.79999923706055,0.0,7.070000171661377,0.0
2018-03-14,42.5,0.0,-3.3,33.900001525878906,0.0,7.059999942779541,0.0
2018-03-15,40.29999923706055,7.4,-2.0,47.79999923706055,10.1,7.050000190734863,12.5
2018-03-16,42.5,4.0,-3.8,45.5,5.1,7.03000020980835,4.3
2018-03-17,43.20000076293945,1.0,-2.1,43.29999923706055,0.8,7.010000228881836,1.0
2018-03-18,45.59999847412109,3.6,-2.1,41.20000076293945,4.2,7.0,3.8
2018-03-19,46.09999847412109,0.3,-5.4,41.59999847412109,0.4,7.0,1.0
2018-03-20,45.09999847412109,0.0,-1.6,42.09999847412109,0.5,7.0,0.1
2018-03-21,45.09999847412109,0.0,-1.9,42.79999923706055,0.0,7.0,0.0
2018-03-22,46.20000076293945,0.2,-3.7,44.400001525878906,0.7,7.0,2.6
2018-03-23,48.59999847412109,2.3,-1.4,45.400001525878906,2.0,7.0,1.6
2018-03-24,46.900001525878906,0.0,-3.1,46.5,0.0,7.0,1.0
2018-03-25,46.20000076293945,0.3,-4.2,45.70000076293945,0.0,7.0,0.3
2018-03-26,45.400001525878906,0.0,-3.5,48.0,0.0,7.0,0.0
2018-03-27,43.59999847412109,0.1,0.8,46.29999923706055,0.0,7.0,2.9
2018-03-28,44.70000076293945,4.7,-1.3,48.09999847412109,4.0,6.989999771118164,0.5
2018-03-29,44.09999847412109,1.2,-4.7,48.79999923706055,0.6,6.949999809265137,0.0
2018-03-30,44.29999923706055,2.4,-8.2,48.400001525878906,2.2,6.820000171661377,4.1
2018-03-31,44.29999923706055,1.1,-11.5,46.900001525878906,1.3,6.769999980926514,1.5
2018-04-01,55.29999923706055,0.7,-9.2,63.900001525878906,0.9,6.849999904632568,1.5
2018-04-02,61.29999923706055,0.4,-9.3,60.400001525878906,0.3,6.829999923706055,1.3
2018-04-03,68.0999984741211,0.0,-8.2,69.9000015258789,0.0,6.840000152587891,0.7
2018-04-04,67.69999694824219,0.0,-6.9,67.30000305175781,0.1,6.929999828338623,0.4
2018-04-05,65.5999984741211,1.0,-7.8,69.5999984741211,1.4,6.980000019073486,0.4
2018-04-06,66.5999984741211,0.8,-11.0,70.80000305175781,1.2,7.099999904632568,1.9
2018-04-07,69.0,0.1,-9.2,71.0999984741211,0.2,7.340000152587891,0.1
2018-04-08,68.5,9.2,-6.6,77.69999694824219,7.8,7.559999942779541,6.5
2018-04-09,67.4000015258789,0.0,-3.3,82.19999694824219,0.0,7.670000076293945,0.4
2018-04-10,67.9000015258789,0.0,3.8,79.19999694824219,0.0,7.730000019073486,0.0
2018-04-11,72.80000305175781,0.6,2.9,77.0,0.0,7.78000020980835,0.6
2018-04-12,73.0,2.1,-0.9,79.0999984741211,2.6,7.880000114440918,2.1
2018-04-13,71.69999694824219,2.7,1.3,81.4000015258789,1.7,8.079999923706055,0.6
2018-04-14,79.80000305175781,0.3,4.2,91.0999984741211,0.2,8.25,1.2
2018-04-15,82.0999984741211,0.0,3.2,89.5999984741211,0.2,8.4399995803833,5.5
2018-04-16,85.30000305175781,9.0,0.9,90.6999969482422,11.0,8.569999694824219,9.1
2018-04-17,86.69999694824219,0.3,-0.2,89.30000305175781,1.1,8.520000457763672,4.0
2018-04-18,84.19999694824219,0.0,1.4,88.19999694824219,0.0,8.569999694824219,0.0
2018-04-19,84.4000015258789,0.0,3.7,89.0,0.0,8.729999542236328,0.0
2018-04-20,83.0999984741211,0.0,5.8,88.80000305175781,0.0,9.1899995803833,0.0
2018-04-21,83.4000015258789,0.9,6.6,93.0,2.0,9.65999984741211,5.7
2018-04-22,86.0,0.0,5.1,93.0999984741211,0.0,9.760000228881836,0.0
2018-04-23,89.69999694824219,0.0,4.7,89.9000015258789,0.0,9.539999961853027,0.0
2018-04-24,86.9000015258789,0.0,8.4,89.0999984741211,0.0,9.81999969482422,0.0
2018-04-25,86.4000015258789,0.4,9.5,88.5,1.1,10.399999618530272,0.9
2018-04-26,85.5,0.0,9.6,90.0,0.0,11.100000381469728,0.0
2018-04-27,89.80000305175781,0.0,12.0,89.80000305175781,0.0,12.5,0.0
2018-04-28,91.0999984741211,0.0,13.3,90.1999969482422,0.0,14.800000190734863,0.0
2018-04-29,90.5,1.4,10.3,89.5999984741211,4.2,18.299999237060547,5.8
2018-04-30,90.0,2.6,4.9,91.9000015258789,3.3,19.899999618530277,2.1
2018-05-01,91.3000030517578,0.3,7.6,98.5,1.5,20.899999618530277,3.1
2018-05-02,101.0,0.1,8.6,103.0,0.0,20.200000762939453,0.0
2018-05-03,101.0,0.0,11.6,101.0,0.1,21.299999237060547,0.0
2018-05-04,99.6999969482422,2.1,12.9,101.0,1.3,23.799999237060547,0.8
2018-05-05,97.9000015258789,1.2,12.0,103.0,0.6,28.100000381469727,0.2
2018-05-06,99.5999984741211,0.1,13.5,99.5999984741211,0.4,33.900001525878906,0.0
2018-05-07,102.0,0.0,15.6,99.3000030517578,0.1,40.900001525878906,0.1
2018-05-08,99.8000030517578,0.4,15.9,104.0,0.6,48.5,0.1
2018-05-09,105.0,2.0,10.7,110.0,1.4,62.79999923706055,1.9
2018-05-10,134.0,7.7,5.9,128.0,8.3,63.900001525878906,0.9
2018-05-11,151.0,2.9,7.5,142.0,6.8,71.69999694824219,1.5
2018-05-12,171.0,0.0,11.8,170.0,0.0,72.30000305175781,0.0
2018-05-13,183.0,0.0,15.0,196.0,0.0,77.5999984741211,0.0
2018-05-14,193.0,0.0,15.8,182.0,0.0,94.1999969482422,0.0
2018-05-15,155.0,0.0,19.8,165.0,0.0,117.0,0.0
2018-05-16,194.0,0.0,18.9,195.0,0.2,143.0,0.0
2018-05-17,221.0,2.1,11.6,228.0,2.4,152.0,0.9
2018-05-18,259.0,3.9,8.2,257.0,3.8,144.0,2.6
2018-05-19,252.0,0.0,9.6,251.0,0.0,129.0,0.6
2018-05-20,224.0,0.0,12.4,231.0,0.0,128.0,0.1
2018-05-21,227.0,0.0,16.4,226.0,0.4,132.0,0.0
2018-05-22,226.0,0.3,17.1,225.0,0.0,141.0,0.0
2018-05-23,228.0,0.0,18.8,236.0,0.0,153.0,0.0
2018-05-24,226.0,0.6,19.0,243.0,0.3,168.0,0.4
2018-05-25,244.0,0.4,19.3,263.0,0.5,184.0,2.8
2018-05-26,269.0,0.1,17.9,275.0,0.2,196.0,0.4
2018-05-27,269.0,0.0,17.2,286.0,0.0,199.0,0.0
2018-05-28,277.0,0.0,20.3,297.0,0.0,189.0,0.0
2018-05-29,271.0,0.3,15.1,275.0,1.8,188.0,10.2
2018-05-30,260.0,1.4,11.0,272.0,3.9,175.0,20.9
2018-05-31,255.0,3.6,8.4,283.0,5.3,150.0,1.9
2018-06-01,247.0,12.0,8.3,237.0,7.9,127.0,3.5
2018-06-02,200.0,2.8,12.0,196.0,0.2,113.0,0.2
2018-06-03,194.0,0.0,14.6,186.0,0.0,105.0,0.1
2018-06-04,173.0,0.0,17.5,176.0,0.2,113.0,2.9
2018-06-05,184.0,0.0,12.0,177.0,0.0,121.0,0.0
2018-06-06,173.0,0.0,13.8,180.0,0.0,109.0,0.0
2018-06-07,185.0,0.0,17.1,173.0,0.0,104.0,0.2
2018-06-08,169.0,0.0,20.0,165.0,0.1,107.0,0.2
2018-06-09,168.0,0.1,19.4,166.0,0.1,117.0,0.2
2018-06-10,175.0,12.4,12.7,171.0,17.0,132.0,5.7
2018-06-11,188.0,1.2,9.8,188.0,0.7,128.0,1.1
2018-06-12,197.0,0.0,12.5,196.0,0.0,110.0,0.0
2018-06-13,193.0,0.2,15.1,193.0,0.4,97.0,1.1
2018-06-14,175.0,11.3,12.1,167.0,14.1,92.1999969482422,8.4
2018-06-15,171.0,2.6,10.5,176.0,3.7,91.8000030517578,4.5
2018-06-16,165.0,7.8,11.5,157.0,7.3,91.3000030517578,3.1
2018-06-17,148.0,3.3,12.8,145.0,0.6,91.5,0.1
2018-06-18,144.0,0.0,14.6,134.0,0.0,94.0,0.0
2018-06-19,134.0,0.0,15.1,141.0,0.0,102.0,0.0
2018-06-20,158.0,0.0,17.1,160.0,0.0,111.0,0.2
2018-06-21,153.0,0.0,18.9,152.0,0.1,125.0,2.8
2018-06-22,182.0,4.6,18.2,187.0,2.5,144.0,3.5
2018-06-23,248.0,9.5,15.4,259.0,8.3,158.0,15.5
2018-06-24,281.0,0.2,17.2,316.0,1.4,157.0,0.3
2018-06-25,317.0,0.0,19.3,315.0,0.0,156.0,1.9
2018-06-26,252.0,0.1,15.7,262.0,0.1,158.0,1.0
2018-06-27,245.0,0.0,14.3,242.0,0.0,132.0,0.0
2018-06-28,224.0,0.1,15.2,219.0,0.2,112.0,6.6
2018-06-29,198.0,1.3,13.3,191.0,4.6,99.9000015258789,7.2
2018-06-30,181.0,0.2,13.9,176.0,0.0,92.1999969482422,0.9
2018-07-01,164.0,2.4,14.4,167.0,2.1,89.4000015258789,2.0
2018-07-02,168.0,4.0,11.5,160.0,4.3,85.80000305175781,1.1
2018-07-03,159.0,10.0,9.8,147.0,7.4,85.30000305175781,17.1
2018-07-04,119.0,2.2,12.4,130.0,2.0,84.5999984741211,1.5
2018-07-05,121.0,0.0,15.4,101.0,0.0,80.5,0.2
2018-07-06,105.0,0.0,21.1,101.0,0.0,82.9000015258789,0.5
2018-07-07,98.0999984741211,0.0,20.4,98.5999984741211,0.0,104.0,3.1
2018-07-08,98.1999969482422,0.0,16.4,96.0,0.0,111.0,0.0
2018-07-09,91.0999984741211,0.0,19.0,96.9000015258789,0.0,102.0,0.0
2018-07-10,105.0,0.9,19.4,107.0,3.0,97.9000015258789,1.2
2018-07-11,134.0,0.1,18.5,131.0,0.4,98.4000015258789,0.1
2018-07-12,160.0,0.0,19.2,167.0,0.0,95.0999984741211,0.0
2018-07-13,163.0,0.0,21.0,149.0,0.0,91.4000015258789,0.0
2018-07-14,133.0,3.2,16.4,147.0,2.8,95.3000030517578,9.1
2018-07-15,155.0,0.0,16.7,144.0,0.0,95.0999984741211,0.0
2018-07-16,141.0,0.0,20.2,150.0,0.0,88.0,0.0
2018-07-17,169.0,0.6,23.2,175.0,0.0,84.69999694824219,0.0
2018-07-18,149.0,7.0,21.7,147.0,0.2,85.4000015258789,8.4
2018-07-19,141.0,6.3,17.5,133.0,8.5,86.9000015258789,2.8
2018-07-20,143.0,0.0,19.4,142.0,0.4,86.5999984741211,0.8
2018-07-21,144.0,0.6,17.3,142.0,0.6,81.19999694824219,0.2
2018-07-22,143.0,0.2,14.9,143.0,1.0,74.0,0.3
2018-07-23,139.0,0.0,16.0,134.0,1.2,68.19999694824219,1.9
2018-07-24,130.0,9.0,13.8,129.0,10.4,65.80000305175781,11.4
2018-07-25,124.0,0.5,13.7,125.0,0.3,62.900001525878906,0.7
2018-07-26,120.0,2.6,15.6,114.0,2.7,61.09999847412109,3.7
2018-07-27,111.0,1.5,15.6,115.0,0.0,60.20000076293945,4.2
2018-07-28,112.0,0.0,16.6,111.0,0.0,59.70000076293945,0.0
2018-07-29,114.0,0.0,19.0,114.0,0.0,59.5,0.0
2018-07-30,114.0,0.0,21.0,103.0,0.3,60.0,0.0
2018-07-31,107.0,0.1,19.7,114.0,0.5,62.0,1.3
2018-08-01,106.0,0.8,20.4,108.0,2.3,65.30000305175781,1.0
2018-08-02,106.0,1.2,19.1,107.0,0.5,67.69999694824219,0.7
2018-08-03,105.0,0.8,17.8,99.5999984741211,2.9,66.19999694824219,3.0
2018-08-04,108.0,1.1,16.4,104.0,1.2,61.70000076293945,0.5
2018-08-05,102.0,2.2,16.3,104.0,0.2,58.20000076293945,0.3
2018-08-06,99.5,0.0,18.7,103.0,0.0,55.5,0.0
2018-08-07,97.5999984741211,0.0,21.9,97.9000015258789,0.0,55.5,0.0
2018-08-08,95.0,0.0,20.9,101.0,0.0,56.29999923706055,0.0
2018-08-09,94.9000015258789,0.0,23.4,98.1999969482422,0.0,56.400001525878906,0.0
2018-08-10,93.4000015258789,0.0,25.7,98.0999984741211,0.0,58.59999847412109,0.0
2018-08-11,93.8000030517578,0.1,23.0,98.4000015258789,0.0,60.5,1.3
2018-08-12,88.4000015258789,1.5,16.8,94.6999969482422,2.3,64.5,13.2
2018-08-13,88.9000015258789,0.0,12.8,92.6999969482422,0.2,63.09999847412109,1.4
2018-08-14,86.80000305175781,0.0,17.4,92.4000015258789,0.0,58.400001525878906,0.0
2018-08-15,86.69999694824219,0.0,21.0,91.9000015258789,0.0,55.29999923706055,0.0
2018-08-16,87.69999694824219,0.2,19.7,87.69999694824219,3.3,53.400001525878906,0.0
2018-08-17,85.80000305175781,0.0,20.7,91.4000015258789,0.0,52.0,0.0
2018-08-18,87.0,0.0,19.6,90.0999984741211,0.0,50.70000076293945,0.2
2018-08-19,87.19999694824219,0.0,14.1,91.5999984741211,0.0,48.20000076293945,0.0
2018-08-20,87.0,3.5,14.1,92.0999984741211,3.2,46.70000076293945,5.7
2018-08-21,82.69999694824219,0.0,15.0,80.19999694824219,0.0,45.29999923706055,0.0
2018-08-22,78.5,0.0,19.4,83.30000305175781,0.0,44.59999847412109,0.0
2018-08-23,76.0999984741211,0.0,21.1,79.5,0.0,45.400001525878906,0.0
2018-08-24,75.9000015258789,7.6,15.6,77.19999694824219,4.9,45.5,14.2
2018-08-25,74.69999694824219,0.0,11.1,76.19999694824219,0.1,43.0,0.6
2018-08-26,75.30000305175781,0.0,13.7,74.0999984741211,0.2,39.900001525878906,1.5
2018-08-27,74.5,9.5,8.6,74.5,9.7,38.70000076293945,10.2
2018-08-28,71.69999694824219,0.5,10.5,75.69999694824219,0.3,35.599998474121094,0.1
2018-08-29,71.0999984741211,0.0,14.6,74.69999694824219,0.0,33.29999923706055,0.1
2018-08-30,72.19999694824219,0.4,13.7,73.19999694824219,0.1,33.29999923706055,0.6
2018-08-31,64.5,0.0,12.7,65.4000015258789,0.0,33.0,0.1
2018-09-01,64.69999694824219,1.1,12.9,64.9000015258789,2.0,31.600000381469727,0.4
2018-09-02,64.30000305175781,0.5,11.3,61.400001525878906,0.2,30.200000762939453,0.0
2018-09-03,64.0,3.2,11.5,61.09999847412109,3.4,29.899999618530277,6.2
2018-09-04,60.59999847412109,0.4,8.5,60.900001525878906,1.1,30.799999237060547,1.3
2018-09-05,60.400001525878906,0.0,9.4,60.59999847412109,0.0,28.5,0.0
2018-09-06,60.20000076293945,0.0,13.4,56.79999923706055,0.0,27.299999237060547,0.0
2018-09-07,55.5,0.0,16.7,57.0,0.0,26.5,0.0
2018-09-08,53.70000076293945,0.5,16.7,55.59999847412109,0.0,26.799999237060547,0.4
2018-09-09,53.70000076293945,1.4,12.5,52.5,2.5,28.100000381469727,0.3
2018-09-10,53.0,1.3,11.2,52.0,9.1,28.600000381469727,13.1
2018-09-11,55.20000076293945,3.7,8.6,51.70000076293945,2.7,30.799999237060547,0.5
2018-09-12,55.79999923706055,0.7,9.0,54.20000076293945,0.5,28.799999237060547,2.4
2018-09-13,55.5,0.1,1.6,54.20000076293945,0.2,28.600000381469727,6.0
2018-09-14,52.70000076293945,2.4,0.9,51.70000076293945,1.4,30.100000381469727,2.9
2018-09-15,52.20000076293945,0.3,4.8,52.20000076293945,0.0,29.899999618530277,4.7
2018-09-16,52.0,2.4,4.3,51.5,1.8,31.899999618530277,6.1
2018-09-17,53.09999847412109,1.0,4.5,52.0,1.8,33.29999923706055,4.9
2018-09-18,51.900001525878906,0.3,4.8,52.0,0.0,32.70000076293945,0.1
2018-09-19,55.900001525878906,3.0,5.5,60.20000076293945,2.4,31.100000381469727,2.0
2018-09-20,59.0,1.1,4.9,54.79999923706055,1.7,29.799999237060547,0.2
2018-09-21,59.79999923706055,3.0,5.8,59.20000076293945,3.7,30.0,4.9
2018-09-22,61.70000076293945,7.9,1.0,55.79999923706055,7.2,35.599998474121094,15.6
2018-09-23,61.79999923706055,3.0,3.0,63.20000076293945,4.8,39.0,3.7
2018-09-24,64.5,1.4,6.0,65.4000015258789,3.8,38.70000076293945,1.3
2018-09-25,68.9000015258789,3.3,7.2,64.0999984741211,1.5,36.0,0.1
2018-09-26,66.80000305175781,0.0,9.9,64.30000305175781,0.0,33.900001525878906,0.0
2018-09-27,69.19999694824219,11.1,5.3,64.5,9.9,32.900001525878906,2.9
2018-09-28,66.19999694824219,0.4,2.1,65.0,0.3,31.700000762939453,2.3
2018-09-29,74.19999694824219,0.0,1.7,72.80000305175781,1.5,30.299999237060547,1.0
2018-09-30,75.0999984741211,0.2,-1.7,78.30000305175781,0.3,29.0,0.8
2018-10-01,76.19999694824219,0.2,-1.0,73.69999694824219,1.0,28.399999618530277,5.9
2018-10-02,76.0,15.1,-2.0,73.80000305175781,17.4,29.299999237060547,14.1
2018-10-03,73.9000015258789,5.5,-4.3,68.30000305175781,5.2,28.200000762939453,5.6
2018-10-04,69.19999694824219,0.0,-4.7,65.5999984741211,0.0,26.899999618530277,0.1
2018-10-05,67.69999694824219,0.0,-2.0,68.19999694824219,0.0,25.799999237060547,0.0
2018-10-06,62.5,0.0,0.6,64.0,0.0,25.0,0.0
2018-10-07,59.20000076293945,0.0,0.9,52.29999923706055,0.0,24.100000381469727,0.0
2018-10-08,55.79999923706055,0.1,0.4,54.59999847412109,0.6,23.700000762939453,0.3
2018-10-09,54.0,4.6,-3.1,52.0,3.4,23.100000381469727,0.8
2018-10-10,50.59999847412109,0.8,-2.6,49.900001525878906,0.3,22.600000381469727,0.0
2018-10-11,52.0,0.0,-2.0,49.20000076293945,0.0,21.700000762939453,0.0
2018-10-12,52.400001525878906,0.5,4.1,49.20000076293945,0.7,21.200000762939453,0.0
2018-10-13,52.59999847412109,1.4,-0.5,48.79999923706055,2.1,21.0,2.0
2018-10-14,52.70000076293945,0.0,1.1,50.900001525878906,0.0,20.399999618530277,0.0
2018-10-15,52.20000076293945,0.0,8.0,53.0,0.0,20.200000762939453,0.0
2018-10-16,52.29999923706055,0.0,8.2,53.400001525878906,0.0,19.899999618530277,0.0
2018-10-17,52.70000076293945,0.0,9.7,53.400001525878906,0.0,19.399999618530277,0.0
2018-10-18,52.70000076293945,0.0,10.3,53.400001525878906,0.0,19.200000762939453,0.0
2018-10-19,53.900001525878906,0.0,5.4,52.29999923706055,0.0,19.0,0.0
2018-10-20,54.59999847412109,0.0,6.3,53.20000076293945,0.0,18.799999237060547,0.0
2018-10-21,54.70000076293945,0.0,5.3,53.70000076293945,0.0,18.600000381469727,0.0
2018-10-22,52.59999847412109,0.0,3.8,53.900001525878906,0.0,18.200000762939453,0.0
2018-10-23,51.09999847412109,0.0,3.0,54.09999847412109,0.0,18.0,0.0
2018-10-24,52.0,0.3,7.4,53.79999923706055,0.5,18.0,0.4
2018-10-25,51.70000076293945,0.8,6.5,51.09999847412109,0.8,17.899999618530273,0.0
2018-10-26,48.5,0.5,5.5,50.79999923706055,0.6,17.899999618530273,1.3
2018-10-27,49.5,0.1,5.3,50.79999923706055,0.0,18.0,0.0
2018-10-28,50.29999923706055,0.5,2.5,50.70000076293945,0.0,17.799999237060547,1.5
2018-10-29,49.29999923706055,0.0,4.7,50.79999923706055,0.0,17.799999237060547,0.0
2018-10-30,49.29999923706055,0.0,3.7,50.900001525878906,0.0,17.5,0.0
2018-10-31,50.29999923706055,0.0,1.8,52.5,0.0,17.299999237060547,0.3
2018-11-01,50.400001525878906,0.3,2.9,51.0,0.4,17.100000381469727,0.7
2018-11-02,51.0,3.0,1.0,51.400001525878906,3.9,17.299999237060547,6.1
2019-03-01,52.59999847412109,1.3,-13.4,56.5,1.2,6.900000095367432,2.2
2019-03-02,55.0,0.0,-23.2,56.5,0.0,6.849999904632568,0.0
2019-03-03,51.59999847412109,0.0,-20.9,56.5,0.0,6.829999923706055,0.0
2019-03-04,50.09999847412109,0.0,-16.0,56.5,0.0,6.880000114440918,0.0
2019-03-05,54.09999847412109,0.0,-12.3,56.5,0.0,6.960000038146973,0.0
2019-03-06,54.79999923706055,0.0,-14.0,56.5,0.0,7.0,0.0
2019-03-07,52.09999847412109,0.0,-12.1,56.5,0.0,7.03000020980835,0.0
2019-03-08,52.70000076293945,2.3,-8.1,56.5,3.1,7.059999942779541,3.5
2019-03-09,52.29999923706055,0.1,-7.7,56.5,0.0,7.070000171661377,0.0
2019-03-10,55.5,0.0,-7.0,56.5,0.0,7.079999923706055,0.0
2019-03-11,55.5,0.0,-0.8,56.5,0.0,7.090000152587891,0.0
2019-03-12,56.400001525878906,0.5,-0.1,56.5,0.9,7.110000133514404,2.5
2019-03-13,56.79999923706055,4.4,-2.0,57.900001525878906,4.2,7.119999885559082,4.9
2019-03-14,55.70000076293945,0.0,-4.3,63.79999923706055,0.1,7.150000095367432,0.0
2019-03-15,56.59999847412109,0.0,-0.2,60.5,0.0,7.199999809265137,0.4
2019-03-16,53.900001525878906,0.0,-0.7,61.5,0.0,7.28000020980835,0.0
2019-03-17,53.79999923706055,0.0,1.1,60.0,0.0,7.400000095367432,0.0
2019-03-18,54.70000076293945,0.0,3.8,56.5,0.0,7.579999923706055,0.0
2019-03-19,55.59999847412109,0.0,5.8,56.79999923706055,0.0,7.800000190734863,0.0
2019-03-20,55.70000076293945,0.0,5.4,54.79999923706055,0.0,8.020000457763672,0.0
2019-03-21,53.70000076293945,0.0,6.3,54.900001525878906,0.0,8.210000038146973,0.0
2019-03-22,52.79999923706055,0.0,4.5,55.0,0.0,8.319999694824219,0.0
2019-03-23,53.900001525878906,0.0,4.4,57.59999847412109,0.0,8.359999656677246,0.0
2019-03-24,56.900001525878906,1.3,2.2,57.20000076293945,2.0,8.34000015258789,0.5
2019-03-25,64.5999984741211,0.3,1.7,59.20000076293945,0.1,8.3100004196167,0.1
2019-03-26,65.0999984741211,0.0,4.0,58.900001525878906,0.3,8.289999961853027,1.1
2019-03-27,65.4000015258789,4.3,1.8,56.79999923706055,6.0,8.300000190734863,5.0
2019-03-28,61.70000076293945,0.1,0.5,59.400001525878906,0.1,8.359999656677246,1.2
2019-03-29,61.400001525878906,0.0,1.6,59.5,0.0,8.470000267028809,0.0
2019-03-30,66.0,0.0,4.2,63.09999847412109,0.0,8.550000190734863,0.0
2019-03-31,71.19999694824219,0.0,2.3,66.5,0.0,8.59000015258789,0.3
2019-04-01,70.0999984741211,0.5,2.0,66.30000305175781,0.8,8.600000381469727,0.1
2019-04-02,67.69999694824219,0.0,1.6,66.4000015258789,0.0,8.609999656677246,0.0
2019-04-03,66.19999694824219,0.0,2.0,63.09999847412109,0.0,8.619999885559082,0.0
2019-04-04,62.79999923706055,0.1,6.1,60.70000076293945,0.0,8.609999656677246,0.0
2019-04-05,58.70000076293945,0.2,2.8,60.29999923706055,0.3,8.609999656677246,0.2
2019-04-06,54.29999923706055,0.0,5.0,55.29999923706055,0.0,8.609999656677246,0.8
2019-04-07,54.20000076293945,0.1,4.1,55.29999923706055,0.0,8.619999885559082,1.1
2019-04-08,53.900001525878906,0.0,4.6,56.5,0.2,8.600000381469727,0.0
2019-04-09,56.29999923706055,1.4,5.6,56.09999847412109,0.0,8.579999923706055,0.4
2019-04-10,55.0,3.0,4.4,55.400001525878906,0.8,8.5600004196167,2.6
2019-04-11,56.400001525878906,4.6,2.7,55.900001525878906,4.9,8.5600004196167,2.7
2019-04-12,57.20000076293945,5.3,1.4,55.900001525878906,7.5,8.5600004196167,1.2
2019-04-13,56.0,0.1,2.7,55.5,0.1,8.569999694824219,0.2
2019-04-14,57.0,1.5,4.5,57.70000076293945,1.4,8.579999923706055,0.7
2019-04-15,59.09999847412109,0.2,2.2,55.29999923706055,0.8,8.579999923706055,0.4
2019-04-16,62.20000076293945,0.0,2.7,60.20000076293945,0.5,8.59000015258789,0.7
2019-04-17,66.69999694824219,0.6,5.8,64.9000015258789,0.3,8.699999809265137,0.0
2019-04-18,67.80000305175781,0.0,6.9,69.30000305175781,0.0,8.869999885559082,0.0
2019-04-19,70.69999694824219,0.6,9.1,77.19999694824219,0.8,9.359999656677246,3.7
2019-04-20,70.80000305175781,1.0,3.8,78.0,1.3,10.5,1.1
2019-04-21,70.5999984741211,0.0,5.5,78.0999984741211,0.0,10.899999618530272,0.0
2019-04-22,71.5999984741211,0.0,7.6,80.0999984741211,0.0,10.899999618530272,0.0
2019-04-23,71.69999694824219,0.0,10.2,80.30000305175781,0.1,11.0,0.0
2019-04-24,72.5999984741211,0.0,7.2,73.80000305175781,0.5,11.399999618530272,0.2
2019-04-25,73.4000015258789,0.0,3.8,77.0999984741211,0.0,11.399999618530272,0.0
2019-04-26,71.0999984741211,0.0,5.1,72.69999694824219,0.0,11.199999809265137,0.0
2019-04-27,68.5999984741211,4.4,2.0,72.5,5.8,11.5,3.8
2019-04-28,70.9000015258789,11.4,-1.9,71.5,10.8,11.300000190734863,6.1
2019-04-29,66.0999984741211,1.3,-2.2,67.69999694824219,0.7,10.699999809265137,0.4
2019-04-30,60.0,0.5,-0.8,65.0,0.6,10.5,1.4
2019-05-01,58.70000076293945,1.6,0.9,65.5,1.1,10.5,1.1
2019-05-02,58.09999847412109,1.1,2.7,64.5999984741211,1.6,10.399999618530272,3.8
2019-05-03,55.09999847412109,0.1,4.9,64.19999694824219,0.0,10.300000190734863,0.0
2019-05-04,53.70000076293945,2.3,0.7,61.79999923706055,2.3,10.399999618530272,2.5
2019-05-05,54.79999923706055,4.9,-0.2,63.79999923706055,4.4,10.899999618530272,4.3
2019-05-06,56.59999847412109,0.1,2.3,63.20000076293945,0.1,11.100000381469728,0.1
2019-05-07,57.59999847412109,1.2,6.2,66.19999694824219,0.5,11.399999618530272,1.2
2019-05-08,54.59999847412109,6.8,5.5,65.9000015258789,2.1,11.899999618530272,1.2
2019-05-09,53.5,1.0,7.6,66.0999984741211,1.1,12.699999809265137,0.5
2019-05-10,55.5,0.0,12.7,65.69999694824219,0.5,14.300000190734863,0.0
2019-05-11,60.29999923706055,0.0,11.0,72.0,0.0,16.700000762939453,0.0
2019-05-12,66.9000015258789,0.7,14.9,72.0,0.6,22.700000762939453,0.4
2019-05-13,68.5,0.1,12.9,77.5999984741211,0.0,33.5,0.8
2019-05-14,72.69999694824219,0.1,13.4,84.9000015258789,0.4,38.70000076293945,0.0
2019-05-15,74.80000305175781,0.7,13.2,84.0,0.6,43.70000076293945,0.4
2019-05-16,76.69999694824219,1.1,8.3,88.4000015258789,4.3,53.79999923706055,5.2
2019-05-17,106.0,6.8,4.8,115.0,6.9,54.0,5.2
2019-05-18,120.0,9.9,2.7,126.0,8.0,50.0,7.5
2019-05-19,124.0,0.3,3.6,122.0,0.4,45.09999847412109,0.1
2019-05-20,111.0,0.0,4.4,102.0,0.1,42.400001525878906,0.0
2019-05-21,90.0999984741211,2.3,5.0,99.3000030517578,1.7,40.0,0.2
2019-05-22,81.69999694824219,3.1,7.7,87.5999984741211,2.7,37.29999923706055,0.5
2019-05-23,79.5,0.0,10.5,92.4000015258789,0.0,38.70000076293945,0.1
2019-05-24,78.4000015258789,5.1,11.7,96.3000030517578,2.9,42.29999923706055,0.7
2019-05-25,91.8000030517578,6.4,8.9,114.0,4.5,49.09999847412109,4.8
2019-05-26,104.0,0.3,8.1,118.0,0.7,51.5,0.0
2019-05-27,133.0,0.0,10.2,138.0,0.0,51.20000076293945,0.0
2019-05-28,115.0,0.0,12.3,112.0,0.0,59.0,0.0
2019-05-29,98.9000015258789,0.0,14.0,112.0,0.0,75.0999984741211,0.0
2019-05-30,134.0,0.1,17.1,159.0,0.0,103.0,0.0
2019-05-31,158.0,0.4,15.3,163.0,2.0,123.0,0.7
2019-06-01,170.0,0.0,17.0,187.0,0.0,150.0,0.0
2019-06-02,193.0,0.0,18.4,226.0,0.1,172.0,0.0
2019-06-03,235.0,0.0,19.7,252.0,0.0,195.0,0.0
2019-06-04,213.0,0.7,15.0,237.0,0.6,196.0,0.0
2019-06-05,252.0,0.0,14.2,277.0,0.1,160.0,0.0
2019-06-06,234.0,0.0,14.7,246.0,0.0,133.0,0.2
2019-06-07,194.0,18.9,7.4,208.0,24.7,121.0,21.7
2019-06-08,192.0,0.9,6.9,207.0,1.4,108.0,0.8
2019-06-09,180.0,0.8,9.3,175.0,0.4,94.1999969482422,0.8
2019-06-10,152.0,0.1,12.2,168.0,0.1,85.0999984741211,0.0
2019-06-11,146.0,0.0,13.3,150.0,0.1,81.0,0.0
2019-06-12,141.0,0.0,16.5,147.0,0.0,88.9000015258789,0.0
2019-06-13,136.0,0.0,18.7,150.0,0.3,107.0,0.0
2019-06-14,141.0,19.9,14.5,152.0,21.5,135.0,6.1
2019-06-15,188.0,1.5,14.2,216.0,3.1,139.0,0.2
2019-06-16,204.0,0.0,15.2,227.0,0.0,135.0,0.0
2019-06-17,205.0,0.1,15.9,225.0,1.9,133.0,0.1
2019-06-18,229.0,4.9,15.3,239.0,2.9,138.0,0.6
2019-06-19,221.0,22.2,12.6,223.0,7.6,146.0,4.7
2019-06-20,219.0,3.1,7.6,225.0,6.0,127.0,8.6
2019-06-21,254.0,19.5,8.3,247.0,44.7,118.0,25.3
2019-06-22,252.0,0.1,12.4,281.0,0.7,113.0,0.5
2019-06-23,244.0,4.5,13.3,248.0,8.0,105.0,1.1
2019-06-24,232.0,2.2,12.0,253.0,3.7,104.0,1.1
2019-06-25,217.0,5.6,11.5,223.0,2.0,96.6999969482422,3.5
2019-06-26,173.0,0.5,12.1,177.0,2.1,92.9000015258789,4.3
2019-06-27,164.0,5.7,13.2,161.0,12.9,92.8000030517578,4.3
2019-06-28,153.0,4.8,12.6,163.0,7.4,101.0,3.7
2019-06-29,141.0,0.8,13.2,160.0,0.7,97.4000015258789,0.0
2019-06-30,148.0,0.3,13.0,153.0,0.1,88.69999694824219,0.1
2019-07-01,146.0,0.2,15.1,151.0,1.4,83.0999984741211,2.8
2019-07-02,146.0,8.4,9.5,152.0,9.9,92.0,11.8
2019-07-03,148.0,0.0,12.1,152.0,0.0,94.5,0.0
2019-07-04,167.0,16.9,10.5,154.0,19.6,96.8000030517578,15.6
2019-07-05,179.0,10.4,10.3,196.0,10.4,115.0,11.8
2019-07-06,245.0,0.2,13.6,265.0,0.3,114.0,2.8
2019-07-07,255.0,2.3,14.4,264.0,0.5,120.0,1.7
2019-07-08,220.0,8.0,13.5,231.0,3.8,116.0,0.7
2019-07-09,200.0,0.4,14.0,210.0,0.2,111.0,0.3
2019-07-10,198.0,0.9,16.1,205.0,0.8,107.0,0.4
2019-07-11,193.0,0.5,17.4,202.0,0.3,107.0,0.8
2019-07-12,185.0,0.0,16.9,198.0,0.7,107.0,0.2
2019-07-13,157.0,0.1,17.9,157.0,0.6,104.0,2.0
2019-07-14,149.0,1.0,17.1,157.0,0.3,108.0,7.5
2019-07-15,146.0,0.0,15.9,146.0,0.8,113.0,0.5
2019-07-16,154.0,8.3,15.1,156.0,5.2,105.0,1.6
2019-07-17,148.0,0.3,14.8,151.0,0.3,102.0,3.4
2019-07-18,169.0,1.2,13.9,176.0,4.7,106.0,3.2
2019-07-19,178.0,0.8,11.3,183.0,2.2,104.0,2.7
2019-07-20,178.0,13.3,11.9,178.0,16.5,96.1999969482422,6.9
2019-07-21,154.0,1.7,12.6,164.0,0.0,89.5,0.1
2019-07-22,156.0,0.0,15.6,164.0,0.0,85.5,0.0
2019-07-23,161.0,0.0,19.5,162.0,0.0,86.0,0.0
2019-07-24,153.0,0.0,19.5,159.0,0.0,97.9000015258789,4.7
2019-07-25,145.0,0.0,16.7,154.0,0.0,108.0,0.0
2019-07-26,155.0,0.0,17.6,156.0,0.0,98.0999984741211,0.0
2019-07-27,168.0,0.0,19.4,182.0,0.0,93.6999969482422,0.9
2019-07-28,144.0,0.0,16.0,151.0,0.1,92.0,0.4
2019-07-29,141.0,0.0,16.2,140.0,0.0,84.5999984741211,0.1
2019-07-30,138.0,0.7,17.9,140.0,0.7,79.5999984741211,1.0
2019-07-31,137.0,1.0,16.9,142.0,0.0,76.0999984741211,0.0
2019-08-01,128.0,0.0,18.2,130.0,0.0,74.0,0.2
2019-08-02,125.0,0.0,20.2,131.0,0.0,72.9000015258789,0.0
2019-08-03,119.0,0.4,19.1,124.0,0.2,74.0,0.0
2019-08-04,115.0,0.0,16.1,117.0,0.4,70.9000015258789,0.0
2019-08-05,113.0,0.0,18.2,120.0,0.0,66.69999694824219,0.0
2019-08-06,115.0,3.1,17.8,112.0,4.1,65.19999694824219,0.1
2019-08-07,107.0,3.5,14.6,109.0,4.5,69.4000015258789,2.1
2019-08-08,103.0,0.0,17.9,111.0,0.3,69.9000015258789,0.1
2019-08-09,109.0,0.6,16.8,121.0,1.4,69.0,0.8
2019-08-10,120.0,5.6,12.1,118.0,5.1,71.5999984741211,7.7
2019-08-11,115.0,2.9,12.9,118.0,2.0,69.5999984741211,2.0
2019-08-12,106.0,2.6,13.8,109.0,1.9,74.0999984741211,8.7
2019-08-13,121.0,5.0,13.5,124.0,4.2,76.30000305175781,0.8
2019-08-14,122.0,0.3,14.7,125.0,2.3,71.4000015258789,2.2
2019-08-15,121.0,0.0,16.5,124.0,0.0,67.5999984741211,0.0
2019-08-16,121.0,12.8,14.4,120.0,12.6,65.0,5.9
2019-08-17,113.0,0.5,10.5,117.0,0.4,71.0,6.3
2019-08-18,106.0,0.2,14.7,113.0,0.2,65.9000015258789,0.0
2019-08-19,104.0,0.0,14.0,108.0,0.0,63.0,0.0
2019-08-20,102.0,0.0,15.2,109.0,0.0,60.0,0.0
2019-08-21,101.0,0.0,19.0,108.0,0.0,57.70000076293945,0.0
2019-08-22,104.0,2.9,18.2,113.0,5.8,59.0,0.3
2019-08-23,111.0,7.5,16.0,109.0,4.2,58.900001525878906,0.1
2019-08-24,108.0,0.1,16.2,106.0,0.5,56.70000076293945,0.6
2019-08-25,102.0,8.1,12.3,105.0,1.9,57.59999847412109,0.8
2019-08-26,98.0,3.0,11.2,105.0,4.6,53.5,0.0
2019-08-27,97.5999984741211,0.0,11.5,105.0,0.0,49.5,0.0
2019-08-28,92.0,0.0,14.4,96.9000015258789,0.0,47.0,0.0
2019-08-29,88.19999694824219,0.0,14.4,95.8000030517578,0.1,47.29999923706055,0.6
2019-08-30,88.69999694824219,0.5,12.6,96.0,1.2,46.29999923706055,2.5
2019-08-31,91.6999969482422,5.0,12.7,94.4000015258789,4.7,49.900001525878906,10.7
2019-09-01,87.30000305175781,4.1,13.0,92.5,3.2,55.0,5.4
2019-09-02,90.0999984741211,0.1,15.0,94.0,0.8,58.0,4.0
2019-09-03,87.69999694824219,0.0,15.0,92.6999969482422,0.0,57.70000076293945,0.0
2019-09-04,87.5,0.0,17.6,91.8000030517578,0.0,56.09999847412109,0.7
2019-09-05,90.8000030517578,0.0,16.2,92.4000015258789,0.2,55.59999847412109,0.0
2019-09-06,87.5,0.0,14.1,93.1999969482422,0.0,53.29999923706055,0.0
2019-09-07,89.0999984741211,0.0,15.3,94.9000015258789,0.0,50.900001525878906,0.0
2019-09-08,91.4000015258789,0.0,14.9,95.3000030517578,0.3,50.29999923706055,0.4
2019-09-09,97.8000030517578,6.6,11.1,96.0999984741211,7.8,49.59999847412109,4.7
2019-09-10,98.5999984741211,13.1,7.9,99.5999984741211,12.7,49.29999923706055,5.8
2019-09-11,100.0,0.3,7.9,98.3000030517578,0.4,46.70000076293945,0.9
2019-09-12,107.0,0.0,10.4,97.8000030517578,0.0,44.0,0.1
2019-09-13,113.0,0.0,13.3,93.5,0.1,43.0,1.5
2019-09-14,102.0,0.0,12.3,88.19999694824219,0.0,45.29999923706055,0.0
2019-09-15,96.0,0.0,14.7,88.30000305175781,0.0,43.5,1.6
2019-09-16,94.9000015258789,0.2,14.2,88.4000015258789,0.0,45.59999847412109,14.9
2019-09-17,96.4000015258789,0.7,12.4,88.30000305175781,1.3,48.79999923706055,6.2
2019-09-18,96.1999969482422,0.6,10.0,87.5,0.0,49.0,2.2
2019-09-19,97.0999984741211,3.3,10.6,86.9000015258789,4.6,46.0,2.3
2019-09-20,94.9000015258789,0.0,10.2,87.0999984741211,1.2,43.20000076293945,0.0
2019-09-21,94.3000030517578,0.7,9.4,85.0999984741211,0.6,40.79999923706055,3.1
2019-09-22,91.8000030517578,0.0,13.4,81.19999694824219,0.0,38.900001525878906,0.0
2019-09-23,86.4000015258789,0.0,13.3,81.0,0.0,38.09999847412109,0.1
2019-09-24,83.30000305175781,0.2,12.0,77.69999694824219,0.1,38.20000076293945,0.1
2019-09-25,83.5,0.0,9.2,76.5,0.7,37.5,0.1
2019-09-26,83.5,4.4,8.7,77.69999694824219,4.2,36.5,6.0
2019-09-27,81.9000015258789,2.7,2.4,77.30000305175781,7.0,36.09999847412109,1.2
2019-09-28,70.0999984741211,2.5,-1.1,67.5,3.8,34.29999923706055,4.8
2019-09-29,68.0,10.9,-2.4,66.69999694824219,9.5,32.400001525878906,7.2
2019-09-30,68.4000015258789,7.7,-2.3,66.69999694824219,6.9,31.0,3.1
2019-10-01,72.9000015258789,0.0,-6.2,70.5999984741211,0.0,29.799999237060547,0.0
2019-10-02,72.0999984741211,0.0,-0.7,67.30000305175781,0.0,28.899999618530277,0.7
2019-10-03,69.69999694824219,0.0,2.0,68.9000015258789,0.0,28.100000381469727,0.0
2019-10-04,68.80000305175781,0.0,4.8,70.19999694824219,0.0,27.299999237060547,0.2
2019-10-05,65.19999694824219,0.1,6.3,69.30000305175781,0.0,26.600000381469727,0.0
2019-10-06,68.30000305175781,0.0,8.0,67.5,0.0,25.799999237060547,0.0
2019-10-07,69.80000305175781,0.0,7.8,66.5999984741211,0.0,25.100000381469727,0.3
2019-10-08,63.79999923706055,9.5,0.6,61.20000076293945,11.2,26.5,14.7
2019-10-09,63.400001525878906,0.1,-7.2,59.400001525878906,0.3,24.899999618530277,0.6
2019-10-10,64.9000015258789,0.0,-5.9,59.59999847412109,0.0,22.700000762939453,0.0
2019-10-11,66.5,0.0,-1.7,58.29999923706055,0.0,22.600000381469727,0.0
2019-10-12,67.5,0.0,0.4,67.5999984741211,0.0,22.799999237060547,0.0
2019-10-13,71.5999984741211,0.0,3.3,76.5999984741211,0.0,23.100000381469727,0.4
2019-10-14,73.4000015258789,1.0,2.7,76.69999694824219,0.5,22.799999237060547,0.2
2019-10-15,71.69999694824219,0.0,1.0,69.5,0.0,22.0,0.0
2019-10-16,69.5999984741211,0.0,5.9,68.0999984741211,0.0,21.5,0.0
2019-10-17,67.30000305175781,0.8,8.3,68.4000015258789,0.0,21.899999618530277,1.1
2019-10-18,66.80000305175781,0.1,5.0,65.80000305175781,0.0,22.399999618530277,0.0
2019-10-19,66.69999694824219,2.1,2.6,65.0999984741211,2.7,21.899999618530277,0.0
2019-10-20,66.69999694824219,0.8,0.5,65.4000015258789,1.1,21.100000381469727,0.0
2019-10-21,66.9000015258789,0.0,2.1,65.19999694824219,0.0,20.799999237060547,0.0
2019-10-22,66.9000015258789,0.0,3.5,64.69999694824219,0.1,20.299999237060547,0.2
2019-10-23,63.79999923706055,1.1,2.6,62.70000076293945,0.3,19.799999237060547,0.2
2019-10-24,63.900001525878906,0.0,3.5,62.29999923706055,0.0,19.299999237060547,1.3
2019-10-25,63.79999923706055,0.4,7.7,61.0,1.0,18.799999237060547,4.2
2019-10-26,60.79999923706055,0.6,0.2,61.29999923706055,1.5,18.799999237060547,2.1
2019-10-27,60.59999847412109,0.4,-1.4,60.900001525878906,0.6,18.200000762939453,0.8
2019-10-28,61.5,3.1,-5.5,58.79999923706055,3.8,17.299999237060547,1.2
2019-10-29,59.29999923706055,0.0,-9.6,57.0,0.0,13.5,0.0
2019-10-30,60.70000076293945,0.0,-2.5,58.20000076293945,0.0,12.100000381469728,0.0
2019-10-31,58.59999847412109,0.7,1.1,57.29999923706055,1.9,13.699999809265137,0.0
2019-11-01,58.5,0.0,-0.3,57.5,0.1,14.399999618530272,0.0
2019-11-02,54.5,0.4,3.5,54.0,0.7,14.699999809265137,0.0
2019-11-03,54.5,2.0,1.4,54.59999847412109,3.6,15.600000381469728,7.0
2019-11-04,54.09999847412109,2.2,-0.9,54.79999923706055,3.4,15.199999809265137,2.0
2019-11-05,52.0,4.4,-1.6,55.29999923706055,3.8,15.0,4.5
2019-11-06,52.29999923706055,3.2,-11.1,54.0,2.7,13.800000190734863,3.7
2019-11-07,53.79999923706055,0.0,-7.4,54.20000076293945,0.0,12.899999618530272,0.0
2019-11-08,53.20000076293945,0.3,4.2,56.5,1.2,14.100000381469728,0.5
2020-02-26,43.09999847412109,0.5,-0.7,44.0,0.8,9.40999984741211,0.1
2020-02-27,43.900001525878906,0.0,1.5,44.900001525878906,0.0,9.5600004196167,0.0
2020-02-28,44.900001525878906,0.0,3.9,43.900001525878906,0.0,9.550000190734863,0.0
2020-02-29,45.70000076293945,0.2,2.1,44.20000076293945,0.2,9.18000030517578,1.8
2020-03-01,45.5,0.8,-2.1,46.400001525878906,0.9,8.859999656677246,0.9
2020-03-02,41.09999847412109,1.2,2.0,45.59999847412109,0.0,8.6899995803833,0.4
2020-03-03,42.5,0.7,3.0,44.59999847412109,0.0,8.520000457763672,1.6
2020-03-04,43.59999847412109,0.7,1.6,44.900001525878906,0.9,8.34000015258789,6.4
2020-03-05,40.29999923706055,0.0,-1.4,46.70000076293945,0.0,8.0600004196167,0.2
2020-03-06,40.29999923706055,0.0,1.5,45.0,0.8,8.319999694824219,3.9
2020-03-07,41.20000076293945,4.0,-6.8,44.900001525878906,4.0,8.029999732971191,11.2
2020-03-08,41.20000076293945,0.4,-10.6,45.900001525878906,0.8,7.730000019073486,2.4
2020-03-09,41.400001525878906,0.0,-6.0,46.5,0.0,7.599999904632568,0.0
2020-03-10,42.5,0.0,-3.5,47.59999847412109,0.0,7.690000057220459,0.1
2020-03-11,43.09999847412109,1.3,0.4,46.400001525878906,1.2,8.109999656677246,3.0
2020-03-12,43.59999847412109,0.0,-3.0,45.20000076293945,0.6,7.840000152587891,0.2
2020-03-13,44.09999847412109,6.6,-10.9,45.09999847412109,6.8,7.53000020980835,3.8
2020-03-14,45.20000076293945,6.6,-20.0,47.70000076293945,5.8,6.739999771118164,3.1
2020-03-15,44.59999847412109,0.1,-21.0,52.0,0.1,6.679999828338623,0.0
2020-03-16,45.09999847412109,0.0,-7.2,48.5,0.0,7.269999980926514,0.0
2020-03-17,42.29999923706055,0.0,-1.5,45.79999923706055,0.0,7.579999923706055,0.0
2020-03-18,43.79999923706055,0.0,-6.4,46.5,0.4,7.639999866485596,0.9
2020-03-19,44.5,0.2,-7.5,46.20000076293945,0.2,7.699999809265137,0.3
2020-03-20,45.900001525878906,0.0,-6.0,49.400001525878906,0.0,7.730000019073486,0.0
2020-03-21,43.29999923706055,0.1,-1.2,51.5,0.1,7.659999847412109,0.3
2020-03-22,48.20000076293945,1.0,-0.9,51.0,1.4,7.590000152587891,2.1
2020-03-23,49.29999923706055,0.0,1.5,53.79999923706055,0.0,7.519999980926514,2.1
2020-03-24,52.0,3.4,-2.1,53.900001525878906,4.3,7.449999809265137,2.4
2020-03-25,53.59999847412109,1.0,-3.4,54.0,0.9,7.380000114440918,1.0
2020-03-26,51.70000076293945,0.0,-1.5,57.20000076293945,0.0,7.349999904632568,0.0
2020-03-27,52.70000076293945,0.0,2.2,57.20000076293945,0.0,7.449999809265137,0.0
2020-03-28,54.29999923706055,0.0,3.5,57.79999923706055,0.0,7.550000190734863,0.1
2020-03-29,55.400001525878906,0.0,4.1,57.900001525878906,0.0,7.650000095367432,1.2
2020-03-30,55.70000076293945,0.3,-1.5,60.5,1.0,7.420000076293945,7.4
2020-03-31,55.20000076293945,2.6,-8.1,61.20000076293945,2.7,7.170000076293945,2.3
2020-04-01,53.400001525878906,0.3,-12.2,61.70000076293945,0.2,6.800000190734863,1.1
2020-04-02,58.5,0.0,-11.0,65.5999984741211,0.0,6.650000095367432,0.0
2020-04-03,63.59999847412109,0.2,-8.4,67.9000015258789,0.5,7.25,1.5
2020-04-04,65.19999694824219,0.4,-7.3,70.0,1.4,7.309999942779541,1.6
2020-04-05,65.30000305175781,0.7,-4.6,73.30000305175781,0.1,7.590000152587891,0.0
2020-04-06,69.69999694824219,0.7,-1.2,74.5,0.7,8.039999961853027,2.0
2020-04-07,72.80000305175781,0.5,1.3,76.69999694824219,2.6,8.100000381469727,0.0
2020-04-08,77.0999984741211,0.2,-0.8,79.5999984741211,0.0,8.15999984741211,0.0
2020-04-09,80.80000305175781,0.0,2.0,83.5,0.0,8.329999923706055,0.0
2020-04-10,78.5999984741211,2.9,2.5,90.0999984741211,2.8,8.5600004196167,1.2
2020-04-11,85.5,4.0,-4.2,87.30000305175781,5.7,8.390000343322754,4.3
2020-04-12,89.80000305175781,0.0,-6.0,88.9000015258789,0.7,7.949999809265137,0.8
2020-04-13,87.0,0.4,-3.8,88.69999694824219,0.4,7.829999923706055,0.4
2020-04-14,87.9000015258789,1.1,1.0,88.30000305175781,1.5,8.300000190734863,0.4
2020-04-15,86.5999984741211,10.1,0.1,87.5999984741211,9.1,8.6899995803833,4.9
2020-04-16,84.30000305175781,1.5,0.4,88.80000305175781,0.0,8.75,0.1
2020-04-17,90.1999969482422,0.0,6.0,85.5999984741211,0.0,8.949999809265137,0.1
2020-04-18,93.6999969482422,3.6,2.5,93.4000015258789,4.5,9.09000015258789,2.7
2020-04-19,99.5,0.0,4.3,90.8000030517578,0.0,9.420000076293944,0.0
2020-04-20,100.0,0.0,8.3,104.0,0.0,10.199999809265137,0.0
2020-04-21,108.0,0.0,11.2,105.0,0.0,10.899999618530272,0.0
2020-04-22,113.0,0.4,8.8,108.0,1.0,11.300000190734863,0.6
2020-04-23,116.0,1.1,6.7,107.0,0.4,11.800000190734863,1.1
2020-04-24,114.0,0.8,5.9,105.0,0.3,11.899999618530272,0.0
2020-04-25,113.0,0.0,6.9,119.0,0.0,12.0,0.0
2020-04-26,111.0,0.0,8.7,120.0,0.2,12.199999809265137,2.5
2020-04-27,116.0,0.2,9.0,115.0,0.0,12.100000381469728,1.9
2020-04-28,120.0,0.0,8.2,124.0,0.0,11.800000190734863,0.0
2020-04-29,122.0,0.0,11.2,127.0,0.0,11.899999618530272,0.1
2020-04-30,127.0,0.0,13.0,124.0,0.0,12.899999618530272,0.5
2020-05-01,127.0,0.5,8.3,122.0,0.2,14.5,0.2
2020-05-02,127.0,0.0,9.0,121.0,0.0,15.100000381469728,0.0
2020-05-03,123.0,0.1,10.0,121.0,0.3,16.0,1.1
2020-05-04,121.0,10.5,4.6,120.0,5.9,16.399999618530273,0.7
2020-05-05,115.0,0.4,5.6,106.0,0.1,16.0,0.0
2020-05-06,88.5999984741211,0.4,8.6,94.5,0.5,16.5,1.8
2020-05-07,85.80000305175781,2.7,9.0,94.3000030517578,6.3,17.5,9.5
2020-05-08,83.0999984741211,9.4,7.0,91.0999984741211,9.8,19.5,7.6
2020-05-09,92.5,1.8,5.9,98.0,2.0,20.299999237060547,0.0
2020-05-10,105.0,1.3,4.3,105.0,2.9,20.700000762939453,7.6
2020-05-11,116.0,0.0,2.2,120.0,0.1,20.399999618530277,0.9
2020-05-12,120.0,0.0,4.7,119.0,0.0,20.100000381469727,0.5
2020-05-13,116.0,0.0,6.0,104.0,0.0,19.799999237060547,1.0
2020-05-14,108.0,0.0,9.7,112.0,0.0,20.0,0.3
2020-05-15,112.0,0.0,7.5,120.0,1.5,22.200000762939453,0.4
2020-05-16,110.0,0.5,11.2,108.0,0.0,27.5,0.0
2020-05-17,103.0,0.0,13.4,104.0,0.0,32.20000076293945,1.3
2020-05-18,104.0,0.3,13.9,105.0,0.2,36.5,0.3
2020-05-19,108.0,4.3,11.4,116.0,2.5,45.5,0.2
2020-05-20,123.0,5.8,10.0,133.0,8.6,50.400001525878906,2.6
2020-05-21,151.0,38.3,6.3,146.0,34.1,59.59999847412109,15.7
2020-05-22,245.0,14.8,3.6,252.0,19.7,75.0,7.7
2020-05-23,253.0,1.2,5.3,231.0,1.6,69.5999984741211,0.2
2020-05-24,207.0,0.0,9.6,199.0,0.0,66.5999984741211,0.0
2020-05-25,174.0,0.0,12.6,175.0,0.3,68.69999694824219,0.4
2020-05-26,176.0,2.5,11.6,156.0,1.4,73.30000305175781,2.5
2020-05-27,164.0,0.5,8.0,170.0,1.3,77.5999984741211,0.1
2020-05-28,186.0,0.0,9.6,186.0,0.0,74.5,0.0
2020-05-29,192.0,0.0,13.3,191.0,0.0,73.0999984741211,0.0
2020-05-30,192.0,0.0,15.1,190.0,0.0,88.5,0.0
2020-05-31,195.0,11.8,16.1,201.0,14.6,142.0,20.4
2020-06-01,275.0,5.9,11.7,298.0,5.7,240.0,2.1
2020-06-02,331.0,0.0,11.9,352.0,0.0,211.0,0.1
2020-06-03,329.0,0.0,13.0,353.0,0.2,178.0,2.6
2020-06-04,301.0,0.0,10.1,303.0,0.9,153.0,0.0
2020-06-05,257.0,0.1,10.2,262.0,0.0,131.0,0.2
2020-06-06,247.0,6.4,12.3,248.0,9.3,126.0,9.5
2020-06-07,249.0,19.2,10.2,256.0,16.6,137.0,12.5
2020-06-08,254.0,1.4,8.7,258.0,2.2,133.0,0.2
2020-06-09,244.0,0.6,11.0,234.0,0.3,121.0,0.0
2020-06-10,224.0,0.0,13.4,220.0,0.0,109.0,0.0
2020-06-11,207.0,0.0,15.4,206.0,0.0,110.0,0.1
2020-06-12,215.0,0.0,16.7,217.0,0.1,121.0,0.3
2020-06-13,229.0,1.5,15.4,226.0,2.2,155.0,6.1
2020-06-14,256.0,14.5,13.8,269.0,18.1,197.0,8.3
2020-06-15,281.0,0.5,14.0,297.0,0.2,184.0,0.0
2020-06-16,285.0,0.7,12.8,287.0,0.3,152.0,0.3
2020-06-17,250.0,3.4,12.1,260.0,3.1,130.0,0.1
2020-06-18,248.0,3.9,10.6,245.0,5.1,122.0,0.7
2020-06-19,227.0,0.9,12.6,232.0,2.6,134.0,1.2
2020-06-20,236.0,0.1,15.7,239.0,0.1,152.0,2.1
2020-06-21,258.0,0.4,16.6,263.0,0.9,162.0,0.4
2020-06-22,271.0,0.7,15.8,282.0,0.3,178.0,0.3
2020-06-23,281.0,0.0,18.8,292.0,0.0,188.0,0.6
2020-06-24,279.0,1.4,17.6,287.0,1.6,216.0,4.2
2020-06-25,310.0,2.4,15.7,325.0,3.8,228.0,0.3
2020-06-26,324.0,0.6,18.5,336.0,1.8,216.0,0.4
2020-06-27,325.0,9.5,14.7,337.0,10.7,221.0,4.6
2020-06-28,326.0,15.3,10.2,342.0,16.7,224.0,13.8
2020-06-29,324.0,3.5,11.3,339.0,4.1,191.0,3.4
2020-06-30,318.0,26.2,11.2,328.0,19.5,169.0,6.8
2020-07-01,321.0,19.1,12.1,333.0,14.6,171.0,17.8
2020-07-02,297.0,1.6,13.3,288.0,2.3,170.0,4.7
2020-07-03,210.0,0.0,14.0,215.0,0.0,157.0,0.3
2020-07-04,201.0,3.4,14.9,198.0,1.2,146.0,6.3
2020-07-05,230.0,0.0,13.1,249.0,0.1,139.0,0.3
2020-07-06,259.0,0.0,14.8,266.0,0.1,128.0,0.7
2020-07-07,249.0,4.3,14.9,237.0,7.5,125.0,6.3
2020-07-08,225.0,12.2,12.1,223.0,13.5,131.0,2.5
2020-07-09,230.0,0.0,13.6,234.0,0.0,134.0,1.5
2020-07-10,229.0,0.0,15.7,232.0,0.1,128.0,1.0
2020-07-11,227.0,0.0,15.8,230.0,0.0,122.0,0.0
2020-07-12,222.0,0.9,17.5,224.0,0.5,130.0,3.4
2020-07-13,212.0,3.6,12.0,209.0,2.4,132.0,0.4
2020-07-14,197.0,0.0,14.1,198.0,0.0,115.0,0.0
2020-07-15,196.0,0.7,15.9,195.0,1.6,105.0,0.4
2020-07-16,183.0,0.2,16.9,181.0,0.7,106.0,2.4
2020-07-17,167.0,0.0,16.1,160.0,0.1,117.0,0.7
2020-07-18,166.0,4.3,15.5,167.0,0.7,117.0,0.1
2020-07-19,167.0,4.6,16.0,166.0,2.5,113.0,0.5
2020-07-20,172.0,3.0,15.0,169.0,0.5,110.0,0.2
2020-07-21,165.0,0.0,16.6,178.0,0.0,108.0,0.0
2020-07-22,172.0,0.0,18.9,183.0,1.7,109.0,0.1
2020-07-23,177.0,8.9,18.8,171.0,17.6,118.0,8.6
2020-07-24,184.0,0.5,14.9,182.0,1.5,126.0,3.0
2020-07-25,186.0,4.3,12.8,184.0,3.5,115.0,0.8
2020-07-26,192.0,0.0,15.4,195.0,0.0,100.0,0.0
2020-07-27,187.0,0.0,17.4,187.0,0.0,92.8000030517578,0.0
2020-07-28,173.0,0.5,20.2,174.0,0.0,93.3000030517578,0.0
2020-07-29,175.0,0.0,20.9,170.0,0.0,97.6999969482422,0.2
2020-07-30,172.0,0.6,20.3,173.0,0.3,99.6999969482422,0.2
2020-07-31,160.0,0.5,19.5,155.0,1.0,99.0,0.4
2020-08-01,154.0,0.1,20.3,158.0,0.0,98.1999969482422,0.8
2020-08-02,153.0,0.2,21.0,150.0,0.1,110.0,0.3
2020-08-03,153.0,1.2,20.6,154.0,0.8,110.0,0.1
2020-08-04,156.0,1.3,17.1,162.0,0.8,103.0,0.0
2020-08-05,172.0,0.0,19.6,169.0,0.0,95.3000030517578,0.0
2020-08-06,125.0,0.0,20.2,153.0,0.1,89.30000305175781,0.3
2020-08-07,167.0,11.1,15.9,154.0,11.8,92.8000030517578,4.4
2020-08-08,156.0,1.9,15.4,153.0,0.7,87.80000305175781,3.2
2020-08-09,152.0,1.3,12.6,154.0,0.1,79.5,0.1
2020-08-10,155.0,0.0,16.4,153.0,0.1,71.19999694824219,0.0
2020-08-11,146.0,1.7,15.1,145.0,0.0,66.5,0.2
2020-08-12,132.0,2.0,14.5,134.0,1.9,63.29999923706055,0.1
2020-08-13,116.0,0.1,13.1,118.0,0.0,59.29999923706055,0.0
2020-08-14,111.0,0.0,14.3,115.0,0.1,55.59999847412109,0.0
2020-08-15,107.0,0.0,17.2,109.0,0.0,52.59999847412109,0.0
2020-08-16,106.0,0.0,18.6,109.0,0.0,52.70000076293945,0.0
2020-08-17,98.1999969482422,0.0,21.6,101.0,0.0,54.09999847412109,0.0
2020-08-18,92.8000030517578,0.0,21.9,98.1999969482422,0.0,58.400001525878906,0.0
2020-08-19,95.6999969482422,0.0,20.6,99.5999984741211,0.0,60.70000076293945,0.0
2020-08-20,94.0,0.0,20.0,100.0,0.6,61.29999923706055,0.0
2020-08-21,95.5,4.5,17.8,100.0,0.0,58.5,0.0
2020-08-22,102.0,0.0,19.6,102.0,0.0,64.80000305175781,2.4
2020-08-23,100.0,0.0,16.4,105.0,0.0,68.9000015258789,0.0
2020-08-24,101.0,0.0,16.9,108.0,0.0,61.70000076293945,0.0
2020-08-25,100.0,0.0,16.0,105.0,1.1,58.79999923706055,0.6
2020-08-26,100.0,0.0,15.9,104.0,0.0,55.59999847412109,0.0
2020-08-27,101.0,0.7,15.2,102.0,0.8,51.79999923706055,0.0
2020-08-28,102.0,0.0,14.9,101.0,0.1,48.70000076293945,0.0
2020-08-29,95.6999969482422,0.8,14.0,98.0,0.8,46.70000076293945,1.1
2020-08-30,89.5999984741211,1.2,10.9,92.0,0.2,44.79999923706055,0.0
2020-08-31,87.30000305175781,0.0,11.8,92.5999984741211,0.0,41.900001525878906,0.0
2020-09-01,81.4000015258789,0.3,17.0,87.5,0.0,39.09999847412109,0.0
2020-09-02,80.30000305175781,2.0,14.8,87.9000015258789,3.7,42.09999847412109,3.0
2020-09-03,79.30000305175781,0.0,13.1,85.4000015258789,0.0,46.70000076293945,0.0
2020-09-04,77.9000015258789,0.0,16.2,85.5,0.0,43.29999923706055,0.0
2020-09-05,78.69999694824219,0.0,19.3,83.19999694824219,0.1,44.09999847412109,0.0
2020-09-06,79.5999984741211,2.8,14.0,82.5,3.2,44.70000076293945,1.1
2020-09-07,83.0,20.2,7.0,82.80000305175781,20.5,46.900001525878906,16.4
2020-09-08,77.80000305175781,0.1,6.2,82.5999984741211,0.0,43.5,0.0
2020-09-09,73.30000305175781,0.0,12.5,77.30000305175781,0.0,39.900001525878906,0.0
2020-09-10,72.80000305175781,0.0,14.2,76.5999984741211,0.0,38.20000076293945,0.0
2020-09-11,72.0,0.0,16.9,76.5999984741211,0.0,36.79999923706055,0.0
2020-09-12,72.80000305175781,0.0,14.3,79.5,0.0,36.5,0.1
2020-09-13,77.4000015258789,0.0,11.8,75.0,0.0,36.29999923706055,0.0
2020-09-14,74.0999984741211,0.0,10.3,75.0,0.0,35.599998474121094,0.0
2020-09-15,73.69999694824219,0.1,10.0,74.5,1.0,34.400001525878906,0.6
2020-09-16,67.80000305175781,0.1,10.7,70.80000305175781,0.1,33.29999923706055,0.2
2020-09-17,64.4000015258789,0.0,13.0,69.19999694824219,0.0,33.099998474121094,0.0
2020-09-18,58.70000076293945,0.0,13.9,64.9000015258789,0.0,33.400001525878906,0.0
2020-09-19,58.09999847412109,0.2,15.6,63.29999923706055,0.2,33.099998474121094,1.6
2020-09-20,59.59999847412109,0.8,14.4,62.5,0.2,32.900001525878906,0.0
2020-09-21,59.79999923706055,0.0,13.0,62.900001525878906,0.0,32.20000076293945,0.0
2020-09-22,58.5,0.1,11.5,63.5,0.0,30.899999618530277,0.0
2020-09-23,64.19999694824219,0.0,11.0,63.79999923706055,0.0,29.700000762939453,0.0
2020-09-24,62.70000076293945,0.0,14.6,59.70000076293945,0.0,31.399999618530277,4.3
2020-09-25,59.5,0.0,11.3,59.79999923706055,0.0,32.29999923706055,0.1
2020-09-26,57.70000076293945,0.2,10.3,62.20000076293945,0.1,29.899999618530277,0.5
2020-09-27,57.5,0.2,9.4,61.29999923706055,0.0,28.0,0.0
2020-09-28,55.09999847412109,0.0,13.4,61.900001525878906,0.0,25.799999237060547,0.0
2020-09-29,56.29999923706055,0.0,14.0,63.0,0.0,23.899999618530277,0.0
2020-09-30,60.400001525878906,0.0,11.1,62.70000076293945,0.0,23.700000762939453,0.1
2020-10-01,59.29999923706055,0.0,10.6,62.20000076293945,0.0,23.899999618530277,0.0
2020-10-02,57.79999923706055,0.0,13.5,62.79999923706055,0.0,23.799999237060547,0.0
2020-10-03,57.5,0.0,11.9,59.0,0.0,23.799999237060547,0.0
2020-10-04,59.09999847412109,0.6,15.9,61.5,0.7,23.600000381469727,0.2
2020-10-05,58.20000076293945,1.7,12.9,58.70000076293945,1.1,23.899999618530277,0.0
2020-10-06,57.0,0.0,13.1,61.70000076293945,0.0,25.0,0.7
2020-10-07,58.900001525878906,0.9,10.1,61.09999847412109,0.8,28.700000762939453,0.5
2020-10-08,59.20000076293945,0.0,11.3,62.29999923706055,0.0,28.700000762939453,0.1
2020-10-09,59.79999923706055,0.6,8.0,61.09999847412109,0.4,31.5,0.6
2020-10-10,60.5,0.0,13.2,61.400001525878906,0.0,33.70000076293945,2.8
2020-10-11,61.900001525878906,0.3,9.2,65.0,0.3,37.0,3.0
2020-10-12,67.5,4.2,4.0,64.5,5.9,34.099998474121094,5.6
2020-10-13,68.9000015258789,0.9,0.9,67.5,1.3,31.700000762939453,4.0
2020-10-14,69.19999694824219,4.8,2.2,69.30000305175781,6.7,30.5,11.3
2020-10-15,69.4000015258789,0.4,1.4,73.0999984741211,0.5,28.100000381469727,0.0
2020-10-16,70.5999984741211,5.8,0.2,69.30000305175781,6.3,26.299999237060547,11.9
2020-10-17,70.19999694824219,3.4,-3.4,68.9000015258789,3.9,25.700000762939453,6.7
2020-10-18,63.29999923706055,0.8,-6.5,64.9000015258789,0.7,22.5,2.4
2020-10-19,60.70000076293945,1.8,-4.8,62.79999923706055,1.9,22.100000381469727,1.6
2020-10-20,61.20000076293945,3.4,-1.1,65.0999984741211,3.4,21.899999618530277,0.1
2020-10-21,60.5,1.4,-3.0,67.19999694824219,2.3,21.100000381469727,3.1
2020-10-22,63.09999847412109,0.0,-8.4,65.80000305175781,0.2,20.100000381469727,0.6
2020-10-23,64.5,2.2,-8.8,66.19999694824219,2.2,18.5,2.3
2020-10-24,62.900001525878906,2.0,-11.7,62.20000076293945,2.3,17.100000381469727,2.2
2020-10-25,57.70000076293945,0.0,-16.0,62.0,0.0,14.5,0.0
2020-10-26,53.400001525878906,0.0,-3.4,52.400001525878906,0.0,15.0,0.5
2020-10-27,50.0,0.0,4.7,53.400001525878906,0.1,18.399999618530277,0.0
2020-10-28,49.79999923706055,6.5,2.8,56.29999923706055,7.3,19.600000381469727,1.6
2020-10-29,49.70000076293945,0.0,1.4,56.29999923706055,0.0,20.0,1.6
2020-10-30,51.400001525878906,0.0,3.4,56.29999923706055,0.2,20.0,3.0
2020-10-31,51.0,0.2,2.3,56.09999847412109,0.4,19.200000762939453,0.1
2020-11-01,52.70000076293945,0.0,3.8,58.59999847412109,0.0,18.200000762939453,0.0
2020-11-02,53.400001525878906,0.0,6.8,59.0,0.0,17.799999237060547,0.0
2020-11-03,53.29999923706055,0.0,9.6,59.0,0.0,17.299999237060547,0.1
2021-02-23,38.70000076293945,4.4,-2.6,41.59999847412109,5.1,8.569999694824219,2.9
2021-02-24,36.29999923706055,0.0,-7.0,41.400001525878906,0.0,8.279999732971191,0.0
2021-02-25,37.400001525878906,0.0,-4.4,42.0,0.0,8.09000015258789,0.8
2021-02-26,40.0,1.1,-4.9,41.29999923706055,1.1,8.100000381469727,0.4
2021-02-27,40.09999847412109,4.3,-11.0,42.400001525878906,4.0,8.119999885559082,4.2
2021-02-28,39.70000076293945,0.0,-5.8,44.5,0.0,8.130000114440918,0.5
2021-03-01,39.20000076293945,0.0,0.7,41.70000076293945,0.1,8.140000343322754,0.1
2021-03-02,39.79999923706055,0.0,0.2,42.0,0.0,8.149999618530273,0.6
2021-03-03,39.400001525878906,0.0,-1.8,44.20000076293945,0.0,8.180000305175781,0.0
2021-03-04,41.29999923706055,0.0,0.8,47.29999923706055,0.0,8.260000228881836,0.0
2021-03-05,47.09999847412109,0.0,3.4,49.70000076293945,0.0,8.350000381469727,0.0
2021-03-06,49.09999847412109,0.0,3.0,49.59999847412109,0.0,8.25,1.5
2021-03-07,49.09999847412109,0.0,-0.8,53.59999847412109,0.0,8.020000457763672,0.0
2021-03-08,49.900001525878906,0.0,0.6,55.0,0.0,7.940000057220459,0.2
2021-03-09,52.20000076293945,0.0,-1.2,57.79999923706055,0.0,7.360000133514404,0.0
2021-03-10,49.29999923706055,0.5,-3.6,60.79999923706055,0.6,7.53000020980835,1.6
2021-03-11,47.0,0.0,-4.6,65.0999984741211,0.0,7.429999828338623,0.0
2021-03-12,48.09999847412109,0.0,2.4,61.900001525878906,0.0,7.610000133514404,0.0
2021-03-13,51.09999847412109,0.0,4.8,62.09999847412109,0.0,7.659999847412109,0.0
2021-03-14,51.0,0.0,5.2,62.0,0.0,7.809999942779541,0.0
2021-03-15,54.59999847412109,0.1,2.4,62.09999847412109,0.5,7.860000133514404,0.4
2021-03-16,54.70000076293945,0.0,-0.4,62.29999923706055,0.0,7.670000076293945,0.2
2021-03-17,50.400001525878906,0.0,1.2,62.29999923706055,0.0,7.539999961853027,0.0
2021-03-18,48.09999847412109,0.0,4.1,62.59999847412109,0.0,7.590000152587891,0.0
2021-03-19,51.09999847412109,0.0,6.2,58.0,0.0,7.860000133514404,0.5
2021-03-20,46.900001525878906,0.0,3.3,56.70000076293945,0.0,7.849999904632568,0.4
2021-03-21,44.0,0.0,1.1,56.59999847412109,0.6,7.699999809265137,1.0
2021-03-22,43.79999923706055,2.8,0.9,56.900001525878906,2.5,7.570000171661377,2.0
2021-03-23,42.900001525878906,1.0,-0.1,56.900001525878906,0.9,7.400000095367432,1.0
2021-03-24,44.70000076293945,0.8,0.9,56.29999923706055,0.8,7.460000038146973,0.0
2021-03-25,47.0,5.2,-1.2,58.29999923706055,4.9,7.460000038146973,1.8
2021-03-26,49.29999923706055,2.2,-3.4,58.09999847412109,2.2,7.420000076293945,0.4
2021-03-27,47.70000076293945,0.2,-0.0,57.79999923706055,0.0,7.349999904632568,0.0
2021-03-28,45.79999923706055,0.0,5.4,58.20000076293945,0.0,7.429999828338623,4.1
2021-03-29,46.0,4.1,-2.7,57.400001525878906,4.1,7.230000019073486,4.5
2021-03-30,46.20000076293945,0.0,-4.4,57.59999847412109,0.0,6.739999771118164,0.0
2021-03-31,46.29999923706055,0.0,2.4,57.5,0.0,7.170000076293945,0.0
2021-04-01,46.59999847412109,0.0,5.7,57.70000076293945,0.0,7.349999904632568,0.1
2021-04-02,47.79999923706055,0.0,4.3,58.29999923706055,0.0,7.46999979019165,0.0
2021-04-03,49.70000076293945,0.0,4.2,58.0,0.0,7.53000020980835,0.0
2021-04-04,47.59999847412109,2.2,4.0,58.0,2.3,7.949999809265137,2.7
2021-04-05,48.79999923706055,0.4,2.2,58.0,0.4,7.920000076293945,0.0
2021-04-06,48.70000076293945,0.0,5.2,58.09999847412109,0.0,7.860000133514404,0.0
2021-04-07,52.400001525878906,0.0,6.5,61.09999847412109,0.0,8.229999542236328,0.4
2021-04-08,56.59999847412109,1.1,3.6,67.9000015258789,0.9,8.270000457763672,4.2
2021-04-09,66.9000015258789,0.0,1.2,68.5,0.0,7.659999847412109,0.3
2021-04-10,64.30000305175781,0.8,1.6,72.4000015258789,0.8,7.769999980926514,2.6
2021-04-11,66.30000305175781,0.5,-0.7,70.9000015258789,0.3,7.480000019073486,0.9
2021-04-12,64.69999694824219,0.4,-0.9,67.9000015258789,0.7,7.21999979019165,3.1
2021-04-13,62.20000076293945,0.0,-1.0,69.9000015258789,0.0,7.090000152587891,0.2
2021-04-14,64.0,0.0,2.0,68.69999694824219,0.0,7.25,0.0
2021-04-15,67.80000305175781,0.0,5.4,74.80000305175781,0.0,7.550000190734863,0.0
2021-04-16,76.5,0.0,6.6,79.30000305175781,0.0,8.100000381469727,0.0
2021-04-17,78.69999694824219,0.0,9.5,79.9000015258789,0.0,8.760000228881836,0.0
2021-04-18,85.4000015258789,8.2,4.9,86.0999984741211,8.0,9.6899995803833,4.4
2021-04-19,88.69999694824219,0.0,-0.4,90.3000030517578,0.1,9.479999542236328,0.2
2021-04-20,101.0,0.0,1.6,97.6999969482422,0.0,9.220000267028809,0.0
2021-04-21,95.6999969482422,0.0,6.6,88.80000305175781,0.0,9.43000030517578,0.0
2021-04-22,90.8000030517578,2.7,4.0,91.3000030517578,3.4,10.100000381469728,3.5
2021-04-23,88.30000305175781,0.0,-2.4,90.6999969482422,0.0,10.0,0.5
2021-04-24,87.4000015258789,0.8,0.1,84.5,0.9,9.670000076293944,2.7
2021-04-25,86.4000015258789,3.1,0.9,82.9000015258789,3.4,9.449999809265137,5.0
2021-04-26,85.4000015258789,0.0,3.1,86.69999694824219,0.0,9.289999961853027,0.1
2021-04-27,84.5999984741211,0.0,7.7,88.0999984741211,0.0,9.289999961853027,0.0
2021-04-28,92.3000030517578,0.0,7.3,89.4000015258789,0.0,9.579999923706056,0.0
2021-04-29,88.80000305175781,0.0,10.9,89.69999694824219,0.0,9.989999771118164,0.0
2021-04-30,83.4000015258789,0.0,14.2,78.5999984741211,0.0,11.199999809265137,0.2
2021-05-01,71.5,3.1,9.3,73.4000015258789,5.1,13.800000190734863,1.6
2021-05-02,63.79999923706055,1.2,5.8,73.80000305175781,1.2,14.600000381469728,0.3
2021-05-03,68.9000015258789,0.4,4.8,73.69999694824219,0.6,14.199999809265137,0.0
2021-05-04,67.4000015258789,1.9,6.7,68.30000305175781,1.6,14.100000381469728,0.9
2021-05-05,61.0,1.0,5.7,65.80000305175781,1.7,14.199999809265137,0.3
2021-05-06,69.0999984741211,0.0,9.5,74.5,0.2,15.0,0.0
2021-05-07,76.0,0.6,12.0,75.0999984741211,0.0,17.200000762939453,2.3
2021-05-08,73.5,2.9,6.2,72.30000305175781,2.3,21.0,5.4
2021-05-09,60.5,7.7,1.6,65.4000015258789,6.8,21.0,5.3
2021-05-10,58.5,0.0,3.7,65.30000305175781,0.0,19.700000762939453,0.1
2021-05-11,61.29999923706055,2.9,5.9,69.0999984741211,2.2,19.299999237060547,3.3
2021-05-12,64.0,0.0,7.5,69.0,0.0,19.799999237060547,0.2
2021-05-13,62.5,0.0,11.1,68.30000305175781,1.4,21.0,0.6
2021-05-14,66.80000305175781,0.8,9.7,75.30000305175781,1.6,23.600000381469727,0.1
2021-05-15,72.30000305175781,0.0,12.7,80.19999694824219,0.1,29.600000381469727,0.0
2021-05-16,81.4000015258789,0.0,15.2,83.30000305175781,0.0,38.5,0.0
2021-05-17,89.5999984741211,0.0,16.6,91.5999984741211,0.0,55.29999923706055,0.0
2021-05-18,96.3000030517578,0.2,13.9,103.0,3.3,77.0999984741211,9.9
2021-05-19,120.0,0.4,6.3,127.0,1.1,74.69999694824219,2.1
2021-05-20,152.0,2.1,2.2,141.0,2.4,63.59999847412109,3.1
2021-05-21,124.0,0.9,2.3,118.0,0.8,54.900001525878906,0.9
2021-05-22,116.0,0.0,6.1,117.0,0.0,48.59999847412109,0.0
2021-05-23,123.0,0.4,7.1,111.0,0.1,46.900001525878906,0.0
2021-05-24,115.0,23.9,5.8,109.0,23.2,51.20000076293945,14.1
2021-05-25,123.0,8.5,8.2,126.0,11.1,59.900001525878906,2.0
2021-05-26,140.0,1.9,9.8,143.0,2.9,64.0999984741211,0.0
2021-05-27,155.0,0.3,12.7,150.0,0.1,73.5,0.7
2021-05-28,161.0,0.0,11.8,154.0,0.0,85.69999694824219,3.8
2021-05-29,157.0,0.4,10.8,151.0,0.3,81.19999694824219,0.0
2021-05-30,153.0,0.0,12.9,149.0,0.0,76.0,0.0
2021-05-31,148.0,0.0,16.2,148.0,0.0,82.80000305175781,0.0
2021-06-01,146.0,0.0,17.9,145.0,0.0,107.0,0.0
2021-06-02,179.0,0.0,20.5,186.0,0.0,147.0,0.0
2021-06-03,235.0,0.0,22.1,245.0,0.0,194.0,0.0
2021-06-04,297.0,0.9,20.6,318.0,2.0,228.0,1.1
2021-06-05,338.0,12.2,16.0,344.0,3.0,232.0,0.6
2021-06-06,334.0,2.1,9.7,341.0,4.9,203.0,1.3
2021-06-07,304.0,6.3,9.0,296.0,16.0,163.0,7.8
2021-06-08,233.0,0.2,8.5,221.0,0.1,129.0,0.4
2021-06-09,217.0,4.3,10.1,201.0,4.7,109.0,3.0
2021-06-10,202.0,2.3,10.4,192.0,1.3,99.4000015258789,2.0
2021-06-11,180.0,1.1,10.3,175.0,0.2,89.5999984741211,0.0
2021-06-12,163.0,0.0,12.4,160.0,0.0,82.0999984741211,0.6
2021-06-13,160.0,0.0,14.4,155.0,0.0,80.5999984741211,0.0
2021-06-14,154.0,0.0,20.1,148.0,0.3,99.0,0.5
2021-06-15,152.0,0.1,20.0,149.0,0.9,178.0,11.6
2021-06-16,186.0,0.0,16.8,214.0,0.0,228.0,2.3
2021-06-17,257.0,0.0,15.4,260.0,0.0,199.0,0.1
2021-06-18,273.0,0.0,14.6,278.0,0.0,170.0,0.0
2021-06-19,259.0,1.7,15.4,244.0,5.2,159.0,3.0
2021-06-20,224.0,2.9,13.7,226.0,2.2,169.0,8.8
2021-06-21,234.0,0.0,16.4,236.0,0.0,169.0,0.0
2021-06-22,244.0,0.0,20.7,232.0,0.0,174.0,0.1
2021-06-23,230.0,0.7,19.8,226.0,1.7,187.0,10.0
2021-06-24,226.0,13.3,15.5,214.0,25.2,189.0,11.0
2021-06-25,199.0,0.0,17.6,205.0,0.0,184.0,0.0
2021-06-26,210.0,0.0,21.8,206.0,0.0,181.0,0.0
2021-06-27,209.0,0.0,22.8,208.0,0.0,190.0,0.0
2021-06-28,216.0,0.0,23.5,218.0,0.0,197.0,0.0
2021-06-29,229.0,0.0,26.3,223.0,0.0,200.0,0.0
2021-06-30,228.0,0.0,26.2,227.0,0.0,201.0,0.0
2021-07-01,230.0,0.0,26.1,227.0,0.0,197.0,0.0
2021-07-02,246.0,3.9,25.1,252.0,14.2,191.0,8.5
2021-07-03,280.0,0.0,20.7,275.0,0.4,181.0,0.1
2021-07-04,275.0,33.1,18.2,268.0,17.2,158.0,12.2
2021-07-05,259.0,5.5,14.7,252.0,8.4,145.0,4.4
2021-07-06,248.0,19.6,15.9,242.0,13.8,133.0,4.7
2021-07-07,223.0,0.4,18.0,206.0,0.8,125.0,1.2
2021-07-08,190.0,2.5,18.0,187.0,2.9,123.0,2.8
2021-07-09,195.0,0.0,19.0,191.0,0.0,116.0,0.2
2021-07-10,198.0,0.0,20.0,189.0,0.0,109.0,0.0
2021-07-11,184.0,1.8,18.9,172.0,1.8,104.0,3.1
2021-07-12,166.0,0.2,17.6,164.0,1.7,96.9000015258789,0.1
2021-07-13,167.0,0.4,18.9,159.0,2.1,90.5,0.9
2021-07-14,166.0,0.0,20.5,161.0,0.0,87.30000305175781,0.0
2021-07-15,165.0,0.0,21.6,162.0,0.1,84.5999984741211,0.0
2021-07-16,163.0,0.1,19.9,158.0,0.6,82.0,1.3
2021-07-17,157.0,0.0,18.8,157.0,0.5,79.30000305175781,0.1
2021-07-18,158.0,0.0,16.7,153.0,0.2,76.9000015258789,0.2
2021-07-19,148.0,0.4,18.2,140.0,0.6,74.5999984741211,0.0
2021-07-20,137.0,0.4,19.4,135.0,1.2,73.30000305175781,0.0
2021-07-21,134.0,0.6,19.2,135.0,1.9,73.0,0.4
2021-07-22,129.0,0.0,17.4,124.0,0.1,71.80000305175781,0.5
2021-07-23,123.0,0.0,16.7,118.0,0.0,64.80000305175781,0.0
2021-07-24,119.0,0.0,17.2,117.0,0.0,59.29999923706055,0.0
2021-07-25,116.0,0.0,18.1,117.0,0.0,57.400001525878906,0.0
2021-07-26,115.0,0.0,17.9,117.0,0.3,58.29999923706055,0.0
2021-07-27,112.0,0.0,18.5,113.0,0.0,59.20000076293945,0.0
2021-07-28,114.0,0.0,19.3,105.0,0.0,59.79999923706055,0.0
2021-07-29,107.0,0.0,21.0,106.0,0.1,59.09999847412109,0.0
2021-07-30,110.0,0.9,20.4,108.0,0.4,59.29999923706055,0.6
2021-07-31,109.0,0.0,21.9,107.0,0.0,59.400001525878906,0.0
2021-08-01,108.0,0.0,22.8,107.0,0.0,59.20000076293945,0.0
2021-08-02,106.0,0.8,21.9,103.0,0.8,62.5,14.8
2021-08-03,103.0,0.7,21.2,103.0,4.9,70.0,1.1
2021-08-04,101.0,1.3,20.3,96.8000030517578,0.0,68.69999694824219,0.7
2021-08-05,91.0999984741211,0.0,19.8,92.9000015258789,0.0,66.69999694824219,0.0
2021-08-06,88.80000305175781,0.1,21.3,92.3000030517578,0.2,64.5,0.1
2021-08-07,89.5,0.7,18.4,92.1999969482422,0.1,60.20000076293945,0.2
2021-08-08,93.0999984741211,1.3,15.6,92.5999984741211,2.4,55.59999847412109,7.4
2021-08-09,94.0999984741211,3.7,14.8,95.6999969482422,0.6,51.20000076293945,1.6
2021-08-10,95.5,0.1,18.6,95.5999984741211,0.2,50.20000076293945,0.2
2021-08-11,92.4000015258789,0.1,17.3,95.0999984741211,0.0,52.59999847412109,0.0
2021-08-12,88.80000305175781,0.0,17.5,88.69999694824219,0.0,55.59999847412109,0.0
2021-08-13,85.19999694824219,0.0,19.0,81.5,0.0,53.20000076293945,0.0
2021-08-14,75.5999984741211,0.0,23.5,80.80000305175781,0.0,52.70000076293945,0.0
2021-08-15,78.5,0.0,23.7,81.19999694824219,0.0,52.79999923706055,0.0
2021-08-16,79.5999984741211,0.5,19.8,81.4000015258789,1.2,53.29999923706055,1.2
2021-08-17,101.0,41.9,11.6,88.5999984741211,39.9,55.5,25.8
2021-08-18,100.0,0.9,11.2,105.0,1.6,49.70000076293945,0.3
2021-08-19,101.0,2.1,11.8,102.0,3.0,45.59999847412109,3.3
2021-08-20,98.0,0.0,12.2,97.0,0.1,47.900001525878906,5.8
2021-08-21,89.5999984741211,0.1,12.5,85.30000305175781,0.4,45.5,0.4
2021-08-22,85.9000015258789,1.2,11.6,84.30000305175781,2.1,44.900001525878906,0.3
2021-08-23,86.19999694824219,10.3,10.9,84.19999694824219,14.1,46.79999923706055,8.8
2021-08-24,81.9000015258789,0.6,9.0,78.5,0.9,43.900001525878906,2.6
2021-08-25,74.0999984741211,0.0,10.6,72.19999694824219,0.0,40.5,0.0
2021-08-26,69.5999984741211,0.0,13.5,71.0,0.0,38.0,0.1
2021-08-27,76.5999984741211,2.4,14.0,78.9000015258789,3.2,36.09999847412109,3.9
2021-08-28,77.4000015258789,0.0,13.0,80.0,2.5,34.400001525878906,3.6
2021-08-29,81.30000305175781,0.0,15.3,79.9000015258789,0.0,33.20000076293945,0.0
2021-08-30,77.5999984741211,0.0,15.0,79.9000015258789,0.0,33.0,0.3
2021-08-31,79.0999984741211,3.5,13.5,79.69999694824219,11.2,33.900001525878906,13.4
2021-09-01,79.80000305175781,0.4,9.3,80.0,0.8,35.20000076293945,0.5
2021-09-02,76.5,0.0,10.3,74.4000015258789,0.0,32.900001525878906,0.0
2021-09-03,67.30000305175781,0.2,11.8,67.0,0.0,30.5,0.0
2021-09-04,62.59999847412109,0.0,13.3,64.19999694824219,0.0,28.899999618530277,0.0
2021-09-05,63.79999923706055,0.0,16.8,64.0,0.0,28.100000381469727,0.4
2021-09-06,64.0,0.2,16.0,63.900001525878906,0.2,28.799999237060547,0.0
2021-09-07,62.5,0.0,14.0,63.70000076293945,0.0,28.100000381469727,0.0
2021-09-08,60.59999847412109,0.0,14.9,60.70000076293945,0.0,28.399999618530277,0.0
2021-09-09,58.5,0.1,16.7,57.5,0.3,28.899999618530277,0.0
2021-09-10,56.70000076293945,0.0,14.9,53.70000076293945,0.0,30.899999618530277,0.1
2021-09-11,54.900001525878906,12.6,13.5,55.29999923706055,11.1,35.400001525878906,12.4
2021-09-12,55.900001525878906,2.6,12.0,55.29999923706055,4.0,36.900001525878906,8.8
2021-09-13,52.900001525878906,2.0,10.6,54.59999847412109,3.4,40.79999923706055,0.0
2021-09-14,55.0,0.0,11.7,53.70000076293945,0.0,36.0,0.0
2021-09-15,56.70000076293945,2.5,9.9,60.20000076293945,3.4,34.0,5.7
2021-09-16,70.5999984741211,0.4,7.5,69.80000305175781,0.2,32.70000076293945,0.3
2021-09-17,70.5999984741211,0.0,6.3,70.19999694824219,0.0,29.399999618530277,0.6
2021-09-18,68.0999984741211,0.0,14.1,70.19999694824219,0.1,31.700000762939453,5.9
2021-09-19,66.80000305175781,0.0,10.4,62.59999847412109,0.1,45.09999847412109,0.3
2021-09-20,59.5,0.0,9.1,58.29999923706055,0.3,39.29999923706055,1.4
2021-09-21,56.400001525878906,0.0,11.0,60.59999847412109,0.0,35.099998474121094,0.0
2021-09-22,58.5,0.0,14.4,58.29999923706055,0.0,32.099998474121094,0.0
2021-09-23,58.70000076293945,0.1,10.4,57.79999923706055,0.0,30.299999237060547,0.1
2021-09-24,58.900001525878906,0.0,10.9,57.400001525878906,0.0,28.399999618530277,0.0
2021-09-25,60.79999923706055,0.0,16.4,61.59999847412109,0.0,27.200000762939453,0.0
2021-09-26,62.400001525878906,0.0,14.5,64.19999694824219,0.0,26.899999618530277,0.0
2021-09-27,64.0,0.0,15.4,64.4000015258789,0.0,27.899999618530277,0.5
2021-09-28,71.0,0.0,12.6,70.19999694824219,0.0,38.20000076293945,7.2
2021-09-29,67.69999694824219,0.0,9.2,71.0999984741211,0.0,37.79999923706055,0.0
2021-09-30,60.79999923706055,0.0,10.2,59.5,0.4,34.70000076293945,0.0
2021-10-01,62.70000076293945,0.0,11.5,58.79999923706055,0.1,33.599998474121094,2.1
2021-10-02,58.09999847412109,0.0,7.9,58.59999847412109,0.0,31.899999618530277,0.0
2021-10-03,58.5,0.0,12.9,56.79999923706055,0.0,29.799999237060547,0.4
2021-10-04,54.20000076293945,0.0,7.5,55.5,0.0,28.100000381469727,0.0
2021-10-05,53.400001525878906,0.0,10.9,55.20000076293945,0.0,26.5,0.0
2021-10-06,56.79999923706055,0.0,12.1,54.900001525878906,0.0,24.899999618530277,1.0
2021-10-07,53.20000076293945,0.9,5.3,52.59999847412109,1.0,24.200000762939453,1.9
2021-10-08,48.59999847412109,0.0,3.8,49.09999847412109,0.0,22.799999237060547,0.0
2021-10-09,46.20000076293945,0.0,5.8,49.5,0.0,22.0,0.0
2021-10-10,47.0,0.7,6.7,49.400001525878906,1.6,21.700000762939453,5.2
2021-10-11,49.20000076293945,0.2,1.4,49.900001525878906,0.3,21.399999618530277,0.2
2021-10-12,48.29999923706055,0.0,0.1,45.900001525878906,0.0,20.399999618530277,0.0
2021-10-13,42.70000076293945,0.7,0.2,43.0,1.3,20.100000381469727,1.6
2021-10-14,40.79999923706055,0.8,2.5,43.09999847412109,2.7,19.799999237060547,0.0
2021-10-15,40.29999923706055,0.0,4.2,42.900001525878906,0.0,19.299999237060547,0.0
2021-10-16,38.20000076293945,0.1,8.5,45.29999923706055,1.2,19.0,0.0
2021-10-17,40.900001525878906,0.0,10.6,45.70000076293945,0.0,18.799999237060547,0.0
2021-10-18,44.29999923706055,0.0,6.8,45.900001525878906,0.0,18.600000381469727,0.0
2021-10-19,42.79999923706055,0.0,4.1,42.900001525878906,0.0,18.399999618530277,0.0
2021-10-20,39.29999923706055,0.0,3.8,42.400001525878906,0.0,18.0,0.0
2021-10-21,38.0,0.4,8.1,42.400001525878906,0.0,17.799999237060547,0.0
2021-10-22,40.400001525878906,0.0,5.8,42.0,0.0,17.600000381469727,0.1
2021-10-23,51.59999847412109,26.0,6.6,44.09999847412109,24.0,18.0,4.9
2021-10-24,44.20000076293945,0.1,2.5,42.79999923706055,0.0,18.200000762939453,0.2
2021-10-25,37.70000076293945,0.1,6.9,40.09999847412109,0.3,17.899999618530273,2.9
2021-10-26,34.70000076293945,0.0,4.4,39.79999923706055,0.0,17.799999237060547,0.0
2021-10-27,35.20000076293945,0.0,4.5,39.900001525878906,0.0,17.600000381469727,0.0
2021-10-28,36.900001525878906,0.6,3.1,41.70000076293945,0.9,17.299999237060547,2.0
2021-10-29,41.900001525878906,8.2,2.3,42.5,8.0,17.5,14.7
2021-10-30,39.09999847412109,3.3,-2.8,42.29999923706055,3.7,17.0,4.0
2021-10-31,38.70000076293945,0.0,-7.6,42.29999923706055,0.0,14.800000190734863,0.0
2022-02-24,41.09999847412109,0.5,-10.5,43.79999923706055,1.0,6.699999809265137,1.0
2022-02-25,37.29999923706055,0.2,-8.4,46.0,0.1,6.96999979019165,0.0
2022-02-26,38.29999923706055,0.0,-3.6,42.5,0.0,7.340000152587891,0.0
2022-02-27,38.20000076293945,0.0,-0.1,42.79999923706055,0.0,7.739999771118164,0.0
2022-02-28,39.400001525878906,0.0,0.0,43.20000076293945,0.0,7.96999979019165,0.6
2022-03-01,39.400001525878906,0.4,-0.0,43.5,0.1,8.149999618530273,3.0
2022-03-02,39.900001525878906,0.1,-3.3,46.79999923706055,0.0,8.149999618530273,0.4
2022-03-03,41.0,4.5,-6.4,46.900001525878906,4.2,8.0,5.5
2022-03-04,42.20000076293945,3.4,-7.3,49.5,1.7,7.849999904632568,2.6
2022-03-05,45.900001525878906,0.0,-7.1,50.0,0.1,7.699999809265137,0.9
2022-03-06,46.20000076293945,0.4,-5.8,49.79999923706055,0.2,7.659999847412109,0.5
2022-03-07,45.29999923706055,0.3,-0.1,49.5,1.0,7.659999847412109,1.2
2022-03-08,45.09999847412109,0.0,-8.2,50.5,0.8,7.25,0.2
2022-03-09,43.400001525878906,0.6,-11.6,50.09999847412109,0.0,6.679999828338623,0.0
2022-03-10,42.20000076293945,0.0,-7.5,48.79999923706055,0.0,6.440000057220459,0.0
2022-03-11,38.59999847412109,0.0,-8.5,46.0,0.0,7.099999904632568,0.0
2022-03-12,38.900001525878906,0.0,2.2,41.900001525878906,0.0,7.5,0.3
2022-03-13,37.400001525878906,1.8,0.8,41.400001525878906,1.7,7.570000171661377,1.5
2022-03-14,39.0,0.0,2.4,41.59999847412109,0.1,7.590000152587891,1.2
2022-03-15,40.0,0.7,4.6,43.20000076293945,0.0,7.619999885559082,3.1
2022-03-16,39.59999847412109,0.1,3.6,44.5,0.0,7.639999866485596,0.3
2022-03-17,42.09999847412109,0.0,2.6,46.59999847412109,0.0,7.670000076293945,0.0
2022-03-18,43.900001525878906,0.0,3.8,46.900001525878906,0.0,7.710000038146973,0.2
2022-03-19,43.0,0.0,2.0,46.70000076293945,0.0,7.809999942779541,0.0
2022-03-20,40.900001525878906,3.5,2.6,45.59999847412109,3.2,7.920000076293945,3.2
2022-03-21,40.59999847412109,0.0,2.0,45.59999847412109,0.0,8.029999732971191,0.0
2022-03-22,41.5,0.0,4.1,45.5,0.0,8.15999984741211,0.0
2022-03-23,41.5,0.0,6.2,45.70000076293945,0.0,8.4399995803833,0.0
2022-03-24,41.5,1.5,4.2,45.5,2.3,8.670000076293945,6.5
2022-03-25,41.20000076293945,0.0,-0.4,44.400001525878906,0.0,8.479999542236328,0.0
2022-03-26,39.29999923706055,0.0,0.6,44.79999923706055,0.0,8.510000228881836,0.2
2022-03-27,39.79999923706055,0.0,2.8,44.5,0.0,8.65999984741211,0.0
2022-03-28,42.09999847412109,0.0,3.2,45.29999923706055,0.0,8.829999923706055,0.5
2022-03-29,42.400001525878906,1.4,1.0,45.09999847412109,1.6,9.15999984741211,4.1
2022-03-30,41.20000076293945,0.0,4.5,44.79999923706055,0.0,9.18000030517578,0.9
2022-03-31,41.0,2.4,4.6,47.5,4.9,9.1899995803833,0.6
2022-04-01,45.400001525878906,0.0,2.6,49.09999847412109,0.3,9.09000015258789,0.0
2022-04-02,50.5,0.9,2.7,51.59999847412109,1.7,9.029999732971191,0.5
2022-04-03,53.59999847412109,0.3,1.6,56.29999923706055,0.1,8.84000015258789,0.0
2022-04-04,56.900001525878906,0.0,3.9,60.09999847412109,0.0,8.819999694824219,0.8
2022-04-05,59.20000076293945,0.7,4.8,60.400001525878906,0.0,8.979999542236328,0.1
2022-04-06,57.400001525878906,0.1,3.2,59.0,0.1,8.6899995803833,0.0
2022-04-07,58.09999847412109,0.0,3.5,58.20000076293945,0.0,8.5600004196167,0.0
2022-04-08,57.70000076293945,0.0,9.9,58.59999847412109,0.0,8.760000228881836,1.1
2022-04-09,58.09999847412109,1.0,5.9,58.900001525878906,0.8,8.970000267028809,2.2
2022-04-10,58.20000076293945,0.2,0.5,58.70000076293945,0.2,8.539999961853027,0.3
2022-04-11,58.900001525878906,0.0,-3.3,58.70000076293945,0.0,8.029999732971191,0.0
2022-04-12,56.29999923706055,0.1,-6.6,58.29999923706055,0.8,7.840000152587891,0.1
2022-04-13,54.70000076293945,1.0,-7.7,56.29999923706055,0.8,7.409999847412109,0.1
2022-04-14,52.70000076293945,0.1,-6.8,54.09999847412109,0.4,7.800000190734863,0.2
2022-04-15,54.400001525878906,1.5,-5.6,56.70000076293945,2.2,7.860000133514404,1.3
2022-04-16,53.09999847412109,0.0,-4.6,54.79999923706055,0.0,7.78000020980835,0.1
2022-04-17,52.900001525878906,0.4,-1.2,54.79999923706055,0.0,7.71999979019165,0.1
2022-04-18,54.09999847412109,0.0,0.1,54.900001525878906,0.0,7.75,0.0
2022-04-19,52.900001525878906,2.8,1.7,55.400001525878906,7.4,8.050000190734863,7.1
2022-04-20,55.0,10.6,-1.3,55.5,10.6,7.96999979019165,1.4
2022-04-21,55.20000076293945,0.0,-1.8,54.70000076293945,0.1,7.829999923706055,0.3
2022-04-22,54.59999847412109,6.1,0.4,54.59999847412109,2.2,8.0,1.9
2022-04-23,54.29999923706055,0.1,3.0,54.29999923706055,0.0,8.239999771118164,2.9
2022-04-24,55.70000076293945,1.0,5.5,54.0,0.7,8.460000038146973,0.0
2022-04-25,55.70000076293945,0.0,7.3,54.900001525878906,0.0,8.859999656677246,0.0
2022-04-26,56.0,0.2,8.1,56.0,4.1,9.31999969482422,1.1
2022-04-27,56.400001525878906,2.1,6.5,55.900001525878906,2.1,9.640000343322754,1.2
2022-04-28,55.70000076293945,0.0,4.5,61.70000076293945,0.0,9.460000038146973,0.0
2022-04-29,61.0,0.5,5.7,62.0,0.0,9.25,0.3
2022-04-30,62.09999847412109,1.0,5.4,65.5999984741211,0.1,9.25,0.1
2022-05-01,66.19999694824219,0.3,8.3,67.5999984741211,0.9,9.609999656677246,1.2
2022-05-02,70.5,0.0,8.2,68.69999694824219,0.0,10.100000381469728,0.0
2022-05-03,67.5999984741211,0.0,9.6,69.4000015258789,0.0,10.899999618530272,0.0
2022-05-04,67.30000305175781,0.0,12.1,69.0999984741211,0.0,12.100000381469728,0.0
2022-05-05,68.80000305175781,0.0,13.0,70.0,0.0,13.399999618530272,0.0
2022-05-06,72.9000015258789,0.2,11.6,74.80000305175781,0.0,16.0,1.7
2022-05-07,74.0,0.6,9.0,77.30000305175781,2.4,17.600000381469727,0.2
2022-05-08,81.0999984741211,4.0,5.4,81.4000015258789,2.3,16.5,0.2
2022-05-09,84.4000015258789,3.8,3.7,83.0,1.4,16.0,1.9
2022-05-10,75.80000305175781,2.7,4.1,71.19999694824219,1.6,15.399999618530272,1.5
2022-05-11,69.5,0.2,5.4,72.5999984741211,0.3,14.699999809265137,0.0
2022-05-12,64.19999694824219,0.1,7.3,70.5,0.0,14.100000381469728,0.0
2022-05-13,67.4000015258789,0.0,6.9,71.0,0.3,14.199999809265137,0.8
2022-05-14,68.69999694824219,0.3,8.4,68.9000015258789,0.7,14.399999618530272,0.1
2022-05-15,68.5,0.0,10.7,70.0999984741211,0.0,14.800000190734863,0.0
2022-05-16,66.5999984741211,0.0,13.2,69.4000015258789,0.1,15.600000381469728,0.0
2022-05-17,66.5999984741211,4.5,11.4,69.4000015258789,1.5,18.200000762939453,0.4
2022-05-18,67.0999984741211,2.4,6.8,69.69999694824219,4.7,19.399999618530277,3.5
2022-05-19,70.19999694824219,4.2,5.5,76.30000305175781,4.7,18.899999618530277,2.7
2022-05-20,76.9000015258789,3.0,4.1,79.0999984741211,4.3,17.799999237060547,1.2
2022-05-21,80.0999984741211,0.0,4.7,81.30000305175781,0.1,17.299999237060547,0.4
2022-05-22,80.5999984741211,0.0,6.6,83.0999984741211,0.0,16.899999618530273,0.0
2022-05-23,81.69999694824219,0.0,10.4,82.5,0.1,17.399999618530273,0.0
2022-05-24,83.69999694824219,0.6,12.8,86.4000015258789,1.7,18.5,0.3
2022-05-25,78.5,0.0,12.6,83.19999694824219,0.0,19.899999618530277,0.0
2022-05-26,73.69999694824219,0.1,13.3,76.5999984741211,0.0,22.0,0.0
2022-05-27,71.5999984741211,0.1,15.1,75.4000015258789,0.0,28.100000381469727,0.3
2022-05-28,71.30000305175781,0.0,14.3,76.5,0.0,36.70000076293945,0.0
2022-05-29,80.5,0.3,12.3,88.69999694824219,0.0,38.400001525878906,0.0
2022-05-30,99.5999984741211,1.6,9.8,103.0,3.0,39.20000076293945,0.3
2022-05-31,95.0,0.0,10.3,98.3000030517578,0.0,41.20000076293945,0.0
2022-06-01,94.0,0.1,12.5,100.0,0.1,44.0,0.0
2022-06-02,97.1999969482422,0.0,13.5,97.8000030517578,0.1,49.400001525878906,0.0
2022-06-03,99.0,0.0,14.6,98.0,0.0,54.70000076293945,0.0
2022-06-04,88.80000305175781,0.3,15.1,96.9000015258789,0.9,61.0,0.3
2022-06-05,104.0,15.2,12.1,111.0,12.7,76.69999694824219,3.2
2022-06-06,133.0,22.7,12.0,133.0,15.2,98.0999984741211,1.0
2022-06-07,168.0,10.5,10.8,160.0,19.6,106.0,4.1
2022-06-08,152.0,0.1,12.3,162.0,0.1,119.0,1.1
2022-06-09,193.0,0.5,15.0,184.0,0.0,125.0,0.0
2022-06-10,178.0,0.0,16.0,180.0,0.0,129.0,1.3
2022-06-11,175.0,1.3,15.8,181.0,4.9,148.0,0.3
2022-06-12,203.0,0.8,13.2,215.0,1.4,158.0,2.3
2022-06-13,251.0,14.3,11.3,245.0,16.1,149.0,3.4
2022-06-14,293.0,61.1,9.2,314.0,54.8,161.0,41.7
2022-06-15,359.0,15.9,10.6,378.0,13.2,187.0,5.1
2022-06-16,327.0,0.3,11.9,342.0,0.2,168.0,1.5
2022-06-17,272.0,5.1,14.0,294.0,4.1,165.0,3.3
2022-06-18,273.0,15.9,15.8,286.0,6.9,177.0,9.0
2022-06-19,288.0,4.4,13.6,311.0,2.7,193.0,2.5
2022-06-20,296.0,4.8,12.8,322.0,6.5,184.0,1.0
2022-06-21,286.0,0.0,14.5,285.0,1.4,175.0,1.2
2022-06-22,235.0,0.0,17.1,255.0,0.0,182.0,1.4
2022-06-23,238.0,8.6,12.4,243.0,19.5,211.0,3.3
2022-06-24,242.0,4.8,9.2,252.0,7.8,180.0,6.9
2022-06-25,245.0,0.1,10.7,251.0,0.6,144.0,0.2
2022-06-26,221.0,0.0,14.2,218.0,0.0,131.0,0.0
2022-06-27,193.0,0.0,17.0,202.0,0.0,138.0,0.1
2022-06-28,198.0,0.2,16.3,200.0,0.6,156.0,4.2
2022-06-29,196.0,1.6,15.2,195.0,4.4,188.0,6.6
2022-06-30,188.0,1.9,14.3,191.0,3.4,182.0,0.5
2022-07-01,203.0,1.3,16.0,212.0,0.5,170.0,2.3
2022-07-02,219.0,0.4,14.6,225.0,5.2,171.0,8.5
2022-07-03,227.0,3.3,11.9,236.0,4.4,176.0,0.8
2022-07-04,239.0,2.6,12.1,247.0,3.8,174.0,2.2
2022-07-05,241.0,7.5,14.4,250.0,4.9,194.0,7.1
2022-07-06,239.0,0.0,13.4,250.0,2.0,188.0,2.7
2022-07-07,242.0,2.2,16.3,252.0,5.2,167.0,0.4
2022-07-08,244.0,0.5,17.7,255.0,0.0,169.0,0.7
2022-07-09,244.0,0.4,17.8,258.0,0.5,167.0,0.4
2022-07-10,242.0,0.1,17.2,254.0,0.1,157.0,0.2
2022-07-11,237.0,0.0,17.9,243.0,0.0,145.0,0.0
2022-07-12,225.0,0.0,20.7,234.0,0.0,152.0,0.0
2022-07-13,223.0,0.5,19.5,234.0,0.0,160.0,0.3
2022-07-14,225.0,1.0,18.6,234.0,0.0,161.0,0.0
2022-07-15,224.0,0.0,21.2,234.0,0.0,148.0,0.0
2022-07-16,224.0,0.0,22.2,234.0,0.0,142.0,0.0
2022-07-17,225.0,0.5,18.9,234.0,1.5,142.0,19.3
2022-07-18,222.0,9.2,16.8,225.0,2.0,138.0,6.5
2022-07-19,215.0,0.1,18.8,225.0,0.1,132.0,0.1
2022-07-20,214.0,0.0,18.1,224.0,0.1,130.0,0.0
2022-07-21,215.0,0.0,19.6,224.0,0.9,125.0,0.0
2022-07-22,215.0,1.4,18.7,224.0,4.3,121.0,10.1
2022-07-23,215.0,0.4,16.0,224.0,2.5,114.0,1.0
2022-07-24,217.0,0.0,18.6,224.0,0.4,108.0,0.4
2022-07-25,211.0,5.9,17.9,211.0,8.5,102.0,2.5
2022-07-26,187.0,2.4,16.8,191.0,1.7,100.0,3.5
2022-07-27,179.0,0.0,19.4,186.0,0.0,97.3000030517578,0.0
2022-07-28,178.0,1.3,20.9,184.0,1.0,96.0,0.0
2022-07-29,173.0,0.8,22.4,173.0,0.8,96.4000015258789,0.8
2022-07-30,161.0,1.4,21.1,161.0,0.1,97.0999984741211,1.2
2022-07-31,155.0,0.0,20.1,160.0,1.9,94.0,1.8
2022-08-01,158.0,0.0,21.3,164.0,0.0,91.4000015258789,0.0
2022-08-02,169.0,3.1,19.4,175.0,2.7,89.5,0.1
2022-08-03,168.0,0.8,18.2,168.0,0.0,85.0999984741211,0.0
2022-08-04,153.0,1.9,16.6,156.0,2.7,79.9000015258789,4.3
2022-08-05,149.0,1.5,12.3,150.0,0.2,77.69999694824219,5.5
2022-08-06,140.0,0.0,14.4,140.0,0.0,69.69999694824219,0.2
2022-08-07,140.0,0.0,19.6,141.0,0.0,64.19999694824219,0.0
2022-08-08,136.0,0.0,21.6,139.0,0.0,63.09999847412109,0.0
2022-08-09,135.0,0.0,17.8,133.0,0.0,64.30000305175781,0.1
2022-08-10,116.0,0.0,19.7,121.0,0.0,64.19999694824219,0.0
2022-08-11,104.0,0.0,22.9,108.0,0.0,62.900001525878906,0.0
2022-08-12,103.0,0.6,21.2,103.0,0.3,64.0,0.0
2022-08-13,104.0,0.0,22.3,105.0,0.0,63.70000076293945,0.0
2022-08-14,101.0,0.0,20.5,103.0,0.0,62.5,0.0
2022-08-15,99.5,0.0,19.5,104.0,0.0,59.70000076293945,0.0
2022-08-16,97.5,0.0,20.1,103.0,0.3,57.400001525878906,0.0
2022-08-17,96.4000015258789,0.0,20.1,101.0,0.1,56.09999847412109,0.0
2022-08-18,95.5,0.0,20.1,100.0,0.0,55.5,0.1
2022-08-19,98.5,0.0,21.9,99.8000030517578,0.0,56.09999847412109,0.5
2022-08-20,97.9000015258789,0.0,21.6,101.0,0.1,57.59999847412109,0.9
2022-08-21,96.4000015258789,1.9,20.1,101.0,5.2,59.09999847412109,1.7
2022-08-22,99.3000030517578,0.0,18.4,102.0,0.2,60.59999847412109,0.7
2022-08-23,98.6999969482422,22.9,18.2,98.4000015258789,10.8,62.5,2.6
2022-08-24,102.0,0.4,16.7,105.0,1.4,60.20000076293945,2.0
2022-08-25,109.0,0.2,16.7,110.0,0.2,57.400001525878906,0.0
2022-08-26,109.0,0.0,18.2,108.0,0.5,57.09999847412109,2.1
2022-08-27,105.0,10.7,15.9,106.0,10.0,60.0,5.5
2022-08-28,99.5,2.6,13.3,103.0,1.4,59.20000076293945,0.0
2022-08-29,100.0,0.0,15.2,103.0,0.0,52.79999923706055,0.0
2022-08-30,98.0999984741211,0.0,19.1,101.0,0.0,50.0,0.0
2022-08-31,95.5999984741211,0.0,21.3,99.8000030517578,0.0,50.79999923706055,0.0
2022-09-01,96.1999969482422,0.0,21.2,99.9000015258789,0.0,51.900001525878906,0.0
2022-09-02,93.3000030517578,0.0,17.4,97.5,0.0,51.5,0.0
2022-09-03,96.1999969482422,0.0,20.3,96.8000030517578,0.0,50.400001525878906,0.0
2022-09-04,92.8000030517578,0.0,23.6,96.4000015258789,0.0,49.59999847412109,0.0
2022-09-05,92.0,0.1,19.0,95.5,0.5,50.20000076293945,0.2
2022-09-06,93.6999969482422,0.0,13.7,95.1999969482422,0.0,47.20000076293945,0.0
2022-09-07,93.9000015258789,0.0,17.5,92.4000015258789,0.0,43.400001525878906,0.0
2022-09-08,82.9000015258789,1.0,13.3,80.9000015258789,3.0,40.79999923706055,0.5
2022-09-09,77.19999694824219,5.6,10.2,78.0,4.1,38.0,5.1
2022-09-10,75.19999694824219,0.0,12.1,77.30000305175781,0.0,35.099998474121094,0.0
2022-09-11,74.69999694824219,0.0,17.7,79.19999694824219,0.0,33.5,0.0
2022-09-12,73.0999984741211,0.0,17.4,74.5999984741211,0.0,32.599998474121094,0.1
2022-09-13,67.80000305175781,1.4,14.9,68.5999984741211,1.5,32.79999923706055,5.7
2022-09-14,63.79999923706055,0.0,13.9,67.69999694824219,0.1,33.0,0.4
2022-09-15,62.09999847412109,0.0,14.0,67.5999984741211,0.0,33.20000076293945,0.1
2022-09-16,63.900001525878906,0.0,14.5,65.0999984741211,0.0,32.79999923706055,0.4
2022-09-17,59.900001525878906,0.0,12.6,64.19999694824219,0.4,32.79999923706055,0.1
2022-09-18,59.59999847412109,0.0,10.5,64.0,0.0,31.100000381469727,0.0
2022-09-19,64.5999984741211,7.2,10.1,72.5999984741211,3.4,29.700000762939453,9.0
2022-09-20,75.69999694824219,0.0,7.1,66.9000015258789,0.0,28.399999618530277,1.6
2022-09-21,49.900001525878906,0.0,7.2,54.400001525878906,0.0,26.0,0.0
2022-09-22,56.400001525878906,0.0,9.0,60.0,0.0,24.299999237060547,0.0
2022-09-23,55.29999923706055,0.0,12.9,56.0,0.0,23.0,0.0
2022-09-24,54.0,0.0,14.1,55.70000076293945,0.0,22.200000762939453,0.1
2022-09-25,51.09999847412109,0.0,13.1,55.400001525878906,0.0,21.600000381469727,0.0
2022-09-26,54.400001525878906,0.0,14.6,52.59999847412109,0.0,21.299999237060547,0.0
2022-09-27,46.79999923706055,0.0,16.3,49.400001525878906,0.0,21.5,0.0
2022-09-28,46.70000076293945,0.0,16.8,49.59999847412109,0.0,21.5,0.0
2022-09-29,46.0,4.5,15.6,49.900001525878906,1.7,21.700000762939453,1.5
2022-09-30,47.20000076293945,0.0,12.8,49.900001525878906,0.0,22.0,0.0
2022-10-01,48.70000076293945,0.0,13.1,49.70000076293945,0.0,22.100000381469727,0.0
2022-10-02,48.09999847412109,0.0,12.5,49.5,0.0,22.100000381469727,0.0
2022-10-03,49.29999923706055,0.0,13.7,50.20000076293945,0.0,22.0,0.0
2022-10-04,46.400001525878906,0.0,14.8,51.400001525878906,0.0,22.0,0.0
2022-10-05,48.59999847412109,0.0,11.7,52.20000076293945,0.0,22.100000381469727,0.0
2022-10-06,48.09999847412109,9.8,7.8,51.70000076293945,3.1,21.899999618530277,0.4
2022-10-07,50.59999847412109,0.0,9.9,53.29999923706055,0.0,21.600000381469727,0.0
2022-10-08,51.59999847412109,0.0,12.1,54.900001525878906,0.0,21.299999237060547,0.0
2022-10-09,53.5,0.0,11.8,54.70000076293945,0.0,21.0,0.0
2022-10-10,52.59999847412109,0.0,12.7,54.59999847412109,0.0,20.600000381469727,0.0
2022-10-11,52.29999923706055,5.4,8.7,54.70000076293945,1.6,20.600000381469727,0.0
2022-10-12,51.0,0.4,7.9,54.29999923706055,0.3,19.799999237060547,0.0
2022-10-13,53.79999923706055,0.0,8.4,53.79999923706055,0.0,19.100000381469727,0.0
2022-10-14,50.0,0.8,12.7,51.5,0.5,18.600000381469727,0.3
2022-10-15,49.5,0.0,9.3,56.0,0.0,18.200000762939453,0.1
2022-10-16,50.0,0.0,9.2,53.400001525878906,0.0,17.899999618530273,0.0
2022-10-17,49.79999923706055,0.0,12.5,53.400001525878906,0.0,17.5,0.0
2022-10-18,51.20000076293945,0.0,14.9,51.29999923706055,0.0,17.200000762939453,0.0
2022-10-19,50.79999923706055,0.0,13.4,52.79999923706055,0.0,16.899999618530273,0.0
2022-10-20,48.900001525878906,0.1,12.8,51.5,0.0,16.700000762939453,0.0
2022-10-21,46.09999847412109,2.3,4.6,51.400001525878906,1.2,16.5,0.2
2022-10-22,50.20000076293945,2.9,1.4,47.79999923706055,7.1,16.5,4.2
2022-10-23,44.79999923706055,2.0,0.2,47.0,3.8,16.200000762939453,1.3
2022-10-24,42.400001525878906,0.0,-1.7,43.900001525878906,0.0,15.800000190734863,1.1
2022-10-25,37.400001525878906,3.2,-0.9,43.09999847412109,0.2,15.600000381469728,0.1
2022-10-26,35.20000076293945,0.0,-3.1,40.29999923706055,0.0,15.399999618530272,0.0
2022-10-27,33.0,0.0,2.6,39.70000076293945,0.0,15.100000381469728,0.1
2022-10-28,34.099998474121094,0.0,5.8,38.400001525878906,0.1,15.199999809265137,6.6
2022-10-29,36.70000076293945,0.0,1.6,42.900001525878906,0.0,15.5,0.0
2022-10-30,35.29999923706055,0.0,5.1,40.09999847412109,0.0,15.199999809265137,1.3
2022-10-31,35.20000076293945,1.5,4.1,40.20000076293945,3.6,15.399999618530272,11.0
2022-11-01,35.29999923706055,2.3,0.4,40.20000076293945,3.1,15.600000381469728,5.8
2022-11-02,35.20000076293945,10.3,-3.8,41.0,10.7,15.399999618530272,4.6
2022-11-03,35.5,0.6,-10.1,41.79999923706055,0.5,13.800000190734863,0.1
2023-02-22,37.400001525878906,0.5,-22.4,35.599998474121094,0.5,5.880000114440918,0.8
2023-02-23,37.0,0.3,-26.4,40.400001525878906,0.3,5.96999979019165,0.0
2023-02-24,36.29999923706055,0.0,-29.2,51.900001525878906,0.0,6.25,0.0
2023-02-25,40.59999847412109,0.1,-15.2,47.59999847412109,0.0,6.429999828338623,0.0
2023-02-26,40.0,0.0,-6.6,44.400001525878906,0.0,6.570000171661377,0.7
2023-02-27,41.5,3.3,-7.6,44.70000076293945,0.4,6.710000038146973,0.8
2023-02-28,42.09999847412109,2.5,-11.6,43.09999847412109,3.1,6.820000171661377,1.1
2023-03-01,39.900001525878906,0.0,-8.5,40.400001525878906,0.1,6.920000076293945,0.4
2023-03-02,38.900001525878906,0.0,-4.9,43.0,0.1,7.010000228881836,1.0
2023-03-03,38.79999923706055,0.0,-4.7,44.5,0.0,6.960000038146973,2.6
2023-03-04,38.29999923706055,0.0,-10.3,41.900001525878906,0.0,6.840000152587891,0.2
2023-03-05,38.20000076293945,2.4,-11.0,40.59999847412109,2.1,6.710000038146973,0.7
2023-03-06,38.09999847412109,0.5,-15.6,41.5,0.1,6.590000152587891,0.0
2023-03-07,38.400001525878906,0.1,-15.0,44.400001525878906,0.1,6.46999979019165,0.0
2023-03-08,37.09999847412109,0.5,-13.2,42.20000076293945,0.5,6.340000152587891,0.0
2023-03-09,36.79999923706055,0.0,-16.5,43.79999923706055,0.3,6.230000019073486,0.0
2023-03-10,37.0,0.5,-13.1,44.29999923706055,0.5,6.269999980926514,0.4
2023-03-11,37.70000076293945,2.5,-12.7,41.900001525878906,2.4,6.340000152587891,0.9
2023-03-12,39.0,0.0,-13.4,41.20000076293945,0.0,6.480000019073486,0.0
2023-03-13,38.0,0.0,-8.2,42.5,0.0,6.809999942779541,0.8
2023-03-14,38.5,1.2,-2.8,42.09999847412109,2.3,6.889999866485596,4.5
2023-03-15,41.70000076293945,0.0,-7.2,41.59999847412109,0.0,6.670000076293945,0.3
2023-03-16,39.900001525878906,0.0,-5.9,41.09999847412109,0.2,6.670000076293945,0.0
2023-03-17,38.70000076293945,0.0,-7.8,44.29999923706055,0.0,6.699999809265137,0.0
2023-03-18,39.70000076293945,0.0,-3.5,42.400001525878906,0.0,6.78000020980835,0.0
2023-03-19,39.79999923706055,0.0,-3.2,39.59999847412109,0.0,6.860000133514404,0.0
2023-03-20,39.400001525878906,0.0,-4.3,41.0,0.0,6.940000057220459,0.0
2023-03-21,39.400001525878906,0.0,-5.3,41.20000076293945,0.0,7.019999980926514,0.0
2023-03-22,39.0,0.0,-3.6,40.70000076293945,0.0,7.090000152587891,0.0
2023-03-23,39.29999923706055,0.0,-0.0,40.5,0.0,7.170000076293945,0.0
2023-03-24,39.29999923706055,0.0,-1.3,40.70000076293945,0.0,7.239999771118164,2.0
2023-03-25,38.79999923706055,0.4,-1.9,43.09999847412109,2.1,7.099999904632568,4.4
2023-03-26,43.900001525878906,1.5,-2.3,43.79999923706055,2.9,6.900000095367432,1.2
2023-03-27,40.400001525878906,3.3,-4.1,42.59999847412109,2.9,6.699999809265137,1.5
2023-03-28,38.400001525878906,0.0,-6.5,42.70000076293945,0.0,6.5,0.0
2023-03-29,39.400001525878906,0.0,-4.1,44.70000076293945,0.0,6.369999885559082,0.0
2023-03-30,42.5,0.0,-2.4,44.20000076293945,0.0,6.53000020980835,0.0
2023-03-31,42.09999847412109,0.0,0.0,42.0,0.0,6.699999809265137,0.0
2023-04-01,38.59999847412109,0.0,1.8,41.5,0.4,6.71999979019165,3.6
2023-04-02,37.59999847412109,6.9,0.5,43.09999847412109,7.5,6.619999885559082,2.1
2023-04-03,39.400001525878906,0.6,-2.0,40.900001525878906,0.8,6.5,5.1
2023-04-04,38.900001525878906,0.0,-2.9,39.900001525878906,0.1,6.380000114440918,0.4
2023-04-05,38.70000076293945,0.3,-1.9,41.79999923706055,0.8,6.320000171661377,0.2
2023-04-06,38.29999923706055,0.0,0.9,43.400001525878906,0.0,6.53000020980835,0.0
2023-04-07,37.900001525878906,0.0,3.9,42.400001525878906,0.0,6.71999979019165,0.0
2023-04-08,37.20000076293945,0.0,6.7,40.29999923706055,0.0,6.960000038146973,0.0
2023-04-09,37.20000076293945,0.3,5.4,40.900001525878906,1.4,7.099999904632568,0.0
2023-04-10,37.0,0.0,8.7,41.59999847412109,0.6,7.809999942779541,4.7
2023-04-11,37.5,4.0,3.3,43.400001525878906,6.3,8.550000190734863,13.2
2023-04-12,51.79999923706055,0.5,0.5,56.900001525878906,1.7,7.840000152587891,1.3
2023-04-13,59.79999923706055,0.2,0.9,59.900001525878906,5.4,7.71999979019165,0.9
2023-04-14,56.400001525878906,1.0,0.7,58.70000076293945,0.6,7.519999980926514,0.6
2023-04-15,57.59999847412109,0.0,2.2,59.59999847412109,0.0,7.369999885559082,0.0
2023-04-16,58.20000076293945,0.0,5.7,62.79999923706055,0.0,7.579999923706055,0.0
2023-04-17,62.5,0.2,6.8,64.0,0.4,7.900000095367432,6.2
2023-04-18,63.0,0.0,1.5,63.900001525878906,0.0,7.550000190734863,0.0
2023-04-19,60.400001525878906,0.4,3.3,64.5999984741211,0.8,7.460000038146973,1.7
2023-04-20,61.70000076293945,0.5,-0.1,65.30000305175781,0.5,7.570000171661377,0.1
2023-04-21,63.09999847412109,0.9,-1.7,66.69999694824219,0.8,7.550000190734863,0.3
2023-04-22,66.80000305175781,0.0,0.5,73.19999694824219,0.0,7.510000228881836,0.0
2023-04-23,74.9000015258789,0.0,4.9,71.4000015258789,0.0,7.489999771118164,0.2
2023-04-24,66.80000305175781,1.2,8.4,71.5,1.0,7.860000133514404,1.0
2023-04-25,70.80000305175781,3.3,8.2,71.80000305175781,6.3,8.40999984741211,0.4
2023-04-26,72.0,0.1,7.7,67.69999694824219,0.0,8.40999984741211,0.0
2023-04-27,63.5,1.3,8.7,66.19999694824219,0.4,8.460000038146973,1.3
2023-04-28,61.400001525878906,0.0,10.4,66.0,0.0,8.670000076293945,0.0
2023-04-29,65.5999984741211,0.0,11.4,72.0999984741211,0.0,9.640000343322754,0.0
2023-04-30,69.5999984741211,0.0,11.8,73.4000015258789,0.0,11.300000190734863,0.0
2023-05-01,76.4000015258789,0.0,14.6,78.69999694824219,0.0,14.399999618530272,0.0
2023-05-02,85.0999984741211,0.0,16.0,88.69999694824219,0.0,19.100000381469727,0.0
2023-05-03,95.4000015258789,0.0,16.8,98.1999969482422,0.0,30.600000381469727,0.0
2023-05-04,107.0,0.4,17.9,105.0,3.1,45.79999923706055,0.0
2023-05-05,101.0,0.0,16.6,105.0,0.0,57.29999923706055,0.0
2023-05-06,106.0,1.1,10.6,103.0,2.5,66.69999694824219,0.6
2023-05-07,103.0,6.1,8.1,106.0,3.3,62.5,1.9
2023-05-08,108.0,8.0,8.9,107.0,15.3,59.79999923706055,10.0
2023-05-09,114.0,2.7,8.4,120.0,1.6,61.20000076293945,6.0
2023-05-10,142.0,7.1,9.1,145.0,3.7,57.70000076293945,4.4
2023-05-11,148.0,0.7,9.7,153.0,2.9,55.09999847412109,0.2
2023-05-12,155.0,2.4,10.7,151.0,0.2,55.0,0.0
2023-05-13,149.0,0.0,14.1,153.0,0.0,61.0,0.0
2023-05-14,154.0,0.0,15.0,159.0,0.0,74.0999984741211,0.0
2023-05-15,158.0,0.0,16.1,158.0,0.0,92.5,0.0
2023-05-16,163.0,0.0,18.4,174.0,0.0,114.0,1.1
2023-05-17,191.0,3.7,14.3,195.0,6.1,125.0,0.0
2023-05-18,194.0,0.0,12.9,197.0,0.0,124.0,0.0
2023-05-19,194.0,0.0,16.3,201.0,0.0,125.0,0.0
2023-05-20,203.0,0.0,19.8,217.0,0.0,139.0,0.0
2023-05-21,226.0,0.0,20.7,235.0,0.5,138.0,0.1
2023-05-22,224.0,3.8,18.5,225.0,4.5,141.0,4.8
2023-05-23,219.0,3.2,13.1,231.0,5.8,137.0,3.7
2023-05-24,219.0,0.0,13.8,224.0,0.0,116.0,0.1
2023-05-25,215.0,0.0,13.6,218.0,0.0,104.0,5.9
2023-05-26,190.0,0.0,13.3,187.0,0.0,95.4000015258789,0.4
2023-05-27,165.0,0.0,15.4,171.0,0.1,87.80000305175781,1.5
2023-05-28,166.0,0.0,15.8,164.0,1.2,86.69999694824219,1.3
2023-05-29,144.0,0.8,18.3,148.0,0.3,89.30000305175781,0.6
2023-05-30,141.0,0.8,18.6,148.0,0.3,89.19999694824219,1.2
2023-05-31,147.0,0.0,17.9,148.0,0.1,84.5999984741211,0.0
2023-06-01,136.0,3.2,14.9,139.0,3.9,80.4000015258789,8.7
2023-06-02,130.0,0.0,12.5,131.0,0.1,77.9000015258789,0.7
2023-06-03,131.0,0.0,16.9,135.0,0.0,73.4000015258789,0.1
2023-06-04,134.0,0.0,18.5,130.0,0.0,74.69999694824219,0.0
2023-06-05,103.0,1.0,19.0,107.0,0.0,77.5,0.0
2023-06-06,101.0,4.1,16.8,107.0,2.5,76.4000015258789,0.5
2023-06-07,104.0,0.0,18.5,107.0,0.0,71.9000015258789,0.0
2023-06-08,101.0,0.0,21.8,107.0,0.0,68.4000015258789,0.0
2023-06-09,103.0,0.1,22.0,103.0,0.0,68.4000015258789,0.0
2023-06-10,94.8000030517578,0.6,19.3,100.0,0.1,70.80000305175781,1.4
2023-06-11,94.5,3.0,18.6,96.3000030517578,3.3,72.5,12.5
2023-06-12,88.69999694824219,0.6,18.9,98.0,4.2,75.19999694824219,0.7
2023-06-13,93.0999984741211,0.3,21.9,97.5999984741211,0.4,75.19999694824219,1.6
2023-06-14,105.0,26.6,15.2,110.0,17.6,86.9000015258789,24.7
2023-06-15,148.0,23.6,10.2,146.0,20.1,98.9000015258789,13.6
2023-06-16,143.0,0.0,13.8,147.0,0.0,84.80000305175781,0.1
2023-06-17,147.0,2.2,15.1,146.0,1.3,76.30000305175781,0.5
2023-06-18,142.0,4.9,12.6,145.0,9.1,78.80000305175781,22.5
2023-06-19,142.0,1.1,9.8,145.0,4.0,84.80000305175781,6.0
2023-06-20,148.0,13.6,7.0,145.0,15.9,83.4000015258789,10.4
2023-06-21,144.0,5.6,8.4,145.0,6.9,78.19999694824219,3.8
2023-06-22,141.0,0.1,10.7,145.0,0.1,73.5,1.8
2023-06-23,140.0,0.1,13.9,139.0,0.0,71.9000015258789,0.0
2023-06-24,122.0,0.4,16.0,124.0,0.0,70.30000305175781,0.2
2023-06-25,116.0,3.4,16.4,115.0,1.8,70.0,1.1
2023-06-26,99.0999984741211,0.1,16.3,97.4000015258789,0.4,69.5999984741211,1.7
2023-06-27,90.1999969482422,1.1,17.8,99.5999984741211,3.5,69.69999694824219,1.0
2023-06-28,101.0,0.0,18.9,101.0,2.4,70.5999984741211,0.3
2023-06-29,96.1999969482422,0.3,18.7,98.5999984741211,2.0,70.80000305175781,0.2
2023-06-30,93.0999984741211,4.3,19.0,98.9000015258789,0.5,71.5,0.4
2023-07-01,97.5999984741211,1.0,19.8,96.0999984741211,1.1,70.69999694824219,0.6
2023-07-02,88.9000015258789,1.6,14.5,96.0,3.9,68.5999984741211,0.2
2023-07-03,94.6999969482422,0.7,12.7,95.4000015258789,0.3,63.5,0.2
2023-07-04,100.0,0.3,12.5,107.0,0.3,58.29999923706055,2.9
2023-07-05,102.0,0.0,14.6,104.0,0.6,55.09999847412109,0.5
2023-07-06,99.5999984741211,2.7,17.3,93.4000015258789,7.1,53.09999847412109,0.6
2023-07-07,90.5999984741211,0.3,16.7,87.30000305175781,1.1,51.79999923706055,6.3
2023-07-08,84.19999694824219,1.5,17.8,86.69999694824219,2.0,52.0,0.1
2023-07-09,81.5999984741211,1.0,21.1,86.5,1.0,52.900001525878906,1.9
2023-07-10,85.5999984741211,0.7,19.3,84.5,7.6,55.70000076293945,5.9
2023-07-11,81.0999984741211,10.6,16.3,83.4000015258789,19.2,69.4000015258789,10.0
2023-07-12,79.0999984741211,0.3,15.8,80.69999694824219,2.1,84.19999694824219,6.6
2023-07-13,76.5,2.0,16.9,85.30000305175781,8.1,82.80000305175781,1.6
2023-07-14,96.1999969482422,5.5,16.9,106.0,3.2,79.5,0.7
2023-07-15,129.0,4.8,17.7,125.0,2.0,74.5,0.5
2023-07-16,125.0,4.5,17.6,123.0,0.6,70.30000305175781,0.0
2023-07-17,116.0,3.5,18.2,110.0,1.5,68.19999694824219,2.9
2023-07-18,95.4000015258789,1.1,16.1,101.0,0.2,68.69999694824219,0.3
2023-07-19,105.0,0.0,16.3,102.0,0.0,61.900001525878906,0.0
2023-07-20,98.9000015258789,0.9,17.6,100.0,1.3,58.70000076293945,2.0
2023-07-21,97.9000015258789,0.0,19.8,92.0,0.7,58.0,0.5
2023-07-22,92.9000015258789,0.0,19.5,99.0,0.0,59.29999923706055,0.8
2023-07-23,86.0,0.0,20.3,87.0,0.2,59.29999923706055,0.0
2023-07-24,83.4000015258789,0.0,21.2,85.9000015258789,0.0,58.79999923706055,0.0
2023-07-25,84.4000015258789,0.1,22.3,92.5999984741211,0.0,60.09999847412109,0.0
2023-07-26,88.9000015258789,0.0,17.0,85.5,0.1,56.5,0.0
2023-07-27,82.30000305175781,0.7,14.3,82.0,0.5,50.59999847412109,0.9
2023-07-28,82.30000305175781,5.5,11.6,85.0999984741211,10.8,48.5,4.3
2023-07-29,86.0,0.0,14.9,86.0,0.7,46.0,0.2
2023-07-30,83.80000305175781,0.2,18.3,82.0,1.1,46.09999847412109,0.3
2023-07-31,71.0,0.1,18.8,70.4000015258789,0.0,47.29999923706055,0.2
2023-08-01,67.30000305175781,0.0,18.2,74.4000015258789,0.0,46.59999847412109,0.0
2023-08-02,75.0999984741211,0.0,18.2,76.0,0.0,46.0,0.0
2023-08-03,69.69999694824219,0.0,18.8,71.9000015258789,0.0,45.70000076293945,0.0
2023-08-04,65.0999984741211,0.0,17.9,71.80000305175781,0.0,45.70000076293945,1.0
2023-08-05,72.69999694824219,0.7,17.6,71.69999694824219,1.8,45.79999923706055,0.2
2023-08-06,63.20000076293945,0.0,17.8,67.19999694824219,0.2,46.29999923706055,3.7
2023-08-07,64.69999694824219,0.1,17.8,67.19999694824219,0.2,47.59999847412109,1.8
2023-08-08,64.0999984741211,0.1,17.6,67.30000305175781,0.9,47.900001525878906,1.0
2023-08-09,69.69999694824219,4.5,16.5,70.4000015258789,1.2,48.29999923706055,3.4
2023-08-10,79.5999984741211,0.4,16.1,83.30000305175781,1.5,50.09999847412109,0.8
2023-08-11,75.4000015258789,1.0,16.1,75.4000015258789,0.0,48.0,0.0
2023-08-12,70.5,2.0,16.1,78.5999984741211,3.9,43.59999847412109,0.2
2023-08-13,78.19999694824219,0.0,17.1,78.69999694824219,0.0,42.29999923706055,0.1
2023-08-14,76.30000305175781,0.0,21.3,78.5,0.0,43.20000076293945,0.0
2023-08-15,74.4000015258789,0.0,21.9,76.5,0.0,45.900001525878906,0.0
2023-08-16,74.5,0.0,21.9,76.5999984741211,0.0,50.0,0.0
2023-08-17,72.80000305175781,0.0,22.7,76.5,0.0,52.20000076293945,0.0
2023-08-18,78.9000015258789,5.1,19.1,77.30000305175781,1.6,53.900001525878906,1.0
2023-08-19,72.5,1.2,9.6,76.19999694824219,0.7,52.0,0.5
2023-08-20,73.4000015258789,0.0,11.8,76.19999694824219,0.0,44.79999923706055,0.0
2023-08-21,78.69999694824219,0.4,13.5,78.69999694824219,0.1,39.29999923706055,3.3
2023-08-22,79.19999694824219,7.4,15.2,76.69999694824219,9.6,38.400001525878906,8.5
2023-08-23,77.80000305175781,6.5,16.4,71.4000015258789,6.7,42.29999923706055,5.8
2023-08-24,72.4000015258789,0.0,12.9,76.9000015258789,0.0,41.20000076293945,0.0
2023-08-25,74.69999694824219,0.0,13.6,75.0,0.0,37.20000076293945,0.0
2023-08-26,73.69999694824219,0.1,18.3,72.4000015258789,0.0,36.0,0.0
2023-08-27,69.9000015258789,0.0,18.6,73.0999984741211,0.0,35.900001525878906,0.0
2023-08-28,65.69999694824219,0.0,19.4,76.4000015258789,0.0,36.0,0.0
2023-08-29,71.5999984741211,0.0,20.5,74.69999694824219,0.0,36.400001525878906,0.0
2023-08-30,71.0,0.8,19.3,66.5,0.5,37.59999847412109,0.4
2023-08-31,69.5,12.4,17.1,68.30000305175781,10.4,38.0,11.0
2023-09-01,62.20000076293945,2.2,16.4,64.4000015258789,2.1,44.0,5.5
2023-09-02,59.0,0.0,19.3,63.20000076293945,0.0,45.20000076293945,0.0
2023-09-03,58.70000076293945,0.4,18.8,63.09999847412109,0.0,44.09999847412109,0.2
2023-09-04,61.70000076293945,7.3,12.4,63.09999847412109,10.7,44.09999847412109,7.4
2023-09-05,58.09999847412109,0.0,11.7,66.0,1.9,41.0,1.4
2023-09-06,65.69999694824219,0.6,11.5,66.4000015258789,2.8,42.0,4.9
2023-09-07,62.70000076293945,0.3,11.3,66.0,0.1,40.09999847412109,0.0
2023-09-08,61.79999923706055,0.0,12.0,64.80000305175781,0.1,36.09999847412109,0.0
2023-09-09,61.900001525878906,0.0,12.3,65.0,0.1,33.20000076293945,0.0
2023-09-10,61.59999847412109,0.0,13.4,64.80000305175781,0.0,31.299999237060547,0.0
2023-09-11,58.70000076293945,0.0,14.2,64.69999694824219,0.0,30.200000762939453,0.0
2023-09-12,61.29999923706055,2.1,16.7,64.5999984741211,1.7,29.799999237060547,0.2
2023-09-13,60.79999923706055,0.4,15.3,64.19999694824219,0.5,30.899999618530277,0.0
2023-09-14,56.900001525878906,0.0,13.4,60.29999923706055,0.0,30.700000762939453,0.0
2023-09-15,53.29999923706055,0.0,14.0,54.0,0.0,29.200000762939453,0.0
2023-09-16,47.400001525878906,0.0,17.4,52.400001525878906,0.0,28.200000762939453,0.0
2023-09-17,48.79999923706055,0.0,17.5,52.29999923706055,0.0,27.600000381469727,0.0
2023-09-18,49.20000076293945,0.0,15.6,53.70000076293945,0.1,26.700000762939453,0.5
2023-09-19,47.20000076293945,0.2,9.5,49.20000076293945,1.6,25.299999237060547,0.7
2023-09-20,44.400001525878906,1.0,7.7,50.400001525878906,1.4,23.299999237060547,2.8
2023-09-21,45.29999923706055,0.1,8.2,50.900001525878906,0.0,22.100000381469727,0.1
2023-09-22,48.29999923706055,0.0,10.8,51.59999847412109,0.0,21.100000381469727,0.0
2023-09-23,46.59999847412109,0.0,13.1,51.5,0.1,20.5,0.0
2023-09-24,47.70000076293945,0.0,13.5,51.29999923706055,0.1,20.5,0.5
2023-09-25,46.29999923706055,0.0,12.0,51.20000076293945,0.0,20.399999618530277,0.0
2023-09-26,46.900001525878906,0.0,15.9,51.29999923706055,0.0,19.899999618530277,1.0
2023-09-27,45.59999847412109,0.0,11.9,51.20000076293945,0.0,20.700000762939453,0.2
2023-09-28,44.09999847412109,0.5,10.2,46.29999923706055,0.1,20.100000381469727,2.5
2023-09-29,37.70000076293945,1.0,7.0,43.09999847412109,1.0,20.0,0.3
2023-09-30,32.79999923706055,5.6,5.6,41.400001525878906,4.3,20.100000381469727,2.2
2023-10-01,33.400001525878906,6.4,6.2,41.0,4.9,19.899999618530277,2.1
2023-10-02,34.599998474121094,0.0,6.9,40.70000076293945,0.1,19.399999618530277,0.0
2023-10-03,35.400001525878906,0.7,8.0,42.900001525878906,0.4,19.0,0.0
2023-10-04,36.900001525878906,1.9,9.8,41.20000076293945,2.1,18.5,1.1
2023-10-05,34.70000076293945,0.2,5.8,42.09999847412109,0.1,18.100000381469727,0.0
2023-10-06,32.79999923706055,0.0,5.5,40.70000076293945,0.0,17.700000762939453,0.0
2023-10-07,35.20000076293945,0.0,11.9,39.900001525878906,0.0,17.399999618530273,0.0
2023-10-08,30.700000762939453,0.0,12.0,39.70000076293945,0.0,17.100000381469727,0.0
2023-10-09,33.0,0.0,12.9,39.5,0.0,16.899999618530273,0.0
2023-10-10,34.20000076293945,0.0,14.0,40.0,0.1,16.899999618530273,0.0
2023-10-11,35.900001525878906,7.8,9.9,40.0,9.2,16.899999618530273,4.2
2023-10-12,34.70000076293945,5.2,7.9,39.29999923706055,9.0,16.899999618530273,1.8
2023-10-13,33.20000076293945,0.7,7.3,40.20000076293945,0.1,16.700000762939453,0.1
2023-10-14,37.09999847412109,0.0,6.5,42.400001525878906,0.0,16.5,0.0
2023-10-15,37.29999923706055,0.0,9.1,42.20000076293945,0.0,16.299999237060547,0.4
2023-10-16,37.59999847412109,0.0,7.9,42.09999847412109,0.0,16.200000762939453,0.0
2023-10-17,39.400001525878906,5.4,10.7,42.70000076293945,3.4,16.600000381469727,7.4
2023-10-18,36.0,1.2,9.3,41.5,0.3,17.299999237060547,5.5
2023-10-19,35.900001525878906,0.0,11.3,42.400001525878906,0.0,20.0,1.3
2023-10-20,35.79999923706055,0.3,8.3,41.29999923706055,3.2,26.700000762939453,1.1
2023-10-21,34.900001525878906,0.0,5.0,41.59999847412109,0.0,24.700000762939453,0.0
2023-10-22,34.400001525878906,0.8,4.3,41.5,0.3,22.5,1.5
2023-10-23,39.400001525878906,6.5,1.0,41.59999847412109,6.1,21.399999618530277,1.8
2023-10-24,39.79999923706055,6.6,-7.7,48.20000076293945,5.8,19.700000762939453,6.5
2023-10-25,43.5,0.4,-10.8,42.70000076293945,0.7,17.399999618530273,0.5
2023-10-26,39.09999847412109,0.9,-10.3,40.09999847412109,0.7,16.5,1.3
2023-10-27,35.5,1.2,-8.1,44.59999847412109,0.5,16.299999237060547,0.6
2023-10-28,37.79999923706055,0.1,-6.8,43.5,0.0,14.199999809265137,0.0
2023-10-29,38.29999923706055,0.1,-5.6,43.09999847412109,0.0,14.399999618530272,0.0
2023-10-30,38.5,0.0,-2.7,43.09999847412109,0.0,14.300000190734863,0.0
2023-10-31,37.20000076293945,0.0,-0.5,42.900001525878906,0.0,14.800000190734863,0.0
